Abdicate, disown;;verb;woe{ye} </i>[wo̞.ɛ̝.jɛ̝´]<i>;;s
Ablative marker, away from;;;wo̞ </i>[wo̞]<i>;;
Able, be able;;verb;{e}dze </i>[ɛ̝´.dzɛ̝]<i>;;s
Above;;adj;{e}ze </i>[ɛ̝´.zɛ̝]<i>;;s
Above;;adj;{e}ze </i>[ɛ̝´.zɛ̝]<i>;;s
Accusative marker;;;;Animate: gɛ̝ <br> Inanimate: zɛ̝´;
Across;;adj;kegu </i>[kɛ̝.gu]<i>;;s
Act (as a character, a certain way);;verb;ma{tti}lu </i>[mä.t:i´.lu]<i>;;s
Action;;inan;inton </i>[in.to̞n´]<i>;;s
Add;;verb;bbi </i>[b:i]<i>;;s
Additional;;adj;{kin}ki </i>[kin´.ki]<i>;Borrowed from Jkawi;s
ADHD;;inan;;;s
Adma;;an;{a}be </i>[ä´.bɛ̝]<i>;See <a href=“https://boryaworld.miraheze.org/wiki/Kaneedkind#Sexes“>Kaneedkind sexes</a>;
Admit;;inan;gu{ye} </i>[gu.jɛ̝´]<i>;;s
Advert;;inan;po{babe} </i>[po̞.bä´.bɛ̝´]<i>;;s
Advertise;;verb;po{badiinbe} </i>[po̞.bä´.di:n´.bɛ̝´]<i>;;s
Advise;;verb;e{yesa} </i>[ɛ̝.jɛ̝´.sä´]<i>;;s
Aerocuda;;an;;;hy
After;;adj;fo{dam} </i>[fo̞.däm´]<i>;POSTPOSITION: Used to mark past tense in literary contexts<br> ADVERB: After;
After;;adj;;POSTPOSITION: Used to mark past tense in literary contexts<br> ADVERB: After<br> Borrowed from Loremese;religion
Afternoon;;inan;jo{dam} </i>[dʑo̞.däm´]<i>;;
Again, once more;;;{pi}to </i>[pi´.to̞]<i>;;ahan
Again, once more;;;;;
Ail, bother;;verb;;;
Air;;an;e{fe} </i>[ɛ̝.fɛ̝´]<i>;;
Aircraft, airplane;;inan;;;
Album (music);;inan;;;
Album (photos);;inan;;;
Alcohol;;inan;su{ya} </i>[su.jä´]<i>;;
Alcohol;;inan;su{ya} </i>[su.jä´]<i>;;
Alhi;LAI;inan;la{i} {di}ye </i>[lä.i´ di´.jɛ̝]<i>;;
All, everything;;adj;gu </i>[gu]<i>;;
Alleviate;;verb;;;
Alloti;ŚALODI;inan;sha{lo}di{sa} </i>[ɕä.lo̞´.di.sä´]<i>;;
Allotian;ŚALODI;an;sha{lo}di si </i>[ɕä.lo̞´.di si]<i>;;
Allow, let, can, may;;verb;ze{bee} </i>[zɛ̝.bɛ̝:´]<i>;;
Amafjk (Language);AMAHHI;inan;a{ma}hhi {di}ye </i>[ä.mä´.h:i di´.jɛ̝]<i>;;
Analyze;;verb;;;
And;PE;;pe </i>[pɛ̝]<i>;;
Andria;ANDIJA;inan;an{di}ya{sa} </i>[än.di´.jä.sä´]<i>;;
Andrian (Language);ANDIJA;inan;an{di}ya {di}ye </i>[än.di´.jä di´.jɛ̝]<i>;;
Andrian (People);ANDIJA;an;an{di}ya si </i>[än.di´.jä si]<i>;;
Angel (general);;an;;;
Angle (math);;inan;;;
Animal;;an;e{ya}wan </i>[ɛ̝.jä´.wän]<i>;;
Annihilate;;verb;;;
Announce;;verb;;;
Anorexia;;inan;shisi{we} </i>[ɕi.si.wɛ̝´]<i>;;
Another (thing);;adj;zhin{se} </i>[ʑin.sɛ̝´]<i>;;
Anral;ANLA;inan;an{lasa} </i>[än.lä´.sä´]<i>;;
Anralian (Language);ANLA;inan;an{la} {di}ye </i>[än.lä´ di´.jɛ̝]<i>;;
Anralian (People);ANLA;an;an{la} si </i>[än.lä´ si]<i>;;
Answer;;verb;{le}we </i>[lɛ̝´.wɛ̝]<i>;;
Antimony;;inan;pu{ko} </i>[pu.ko̞´]<i>;;
Anxiety;;inan;;;
Apartment;;inan;bi{ce} </i>[bi.tɕɛ̝´]<i>;;
Apologize;;verb;;;
Appear;;verb;yugu </i>[yu.gu]<i>;;
Append;;verb;;;
Apple;;an;{si}on </i>[si´.o̞n]<i>;Borrowed from Azkali;
Application, program;;inan;ju{wa} </i>[dʑu.wä´]<i>;;
Archangel;;an;;;
Area (math);;inan;be{de} </i>[bɛ̝.dɛ̝´]<i>;;
Arm;;inan;{ta}we </i>[tä´.wɛ̝]<i>;;
Armos;;inan;;;hy
Arrive;;verb;je{pumte} </i>[dʑɛ̝.pum´.tɛ̝´]<i>;;
Arrow;;inan;zo{de} </i>[zo̞.dɛ̝´]<i>;;
Art;;an;jo{zun} </i>[dʑo̞.zun´]<i>;;
Artist;;an;jo{zun}si </i>[dʑo̞.zun´.si]<i>;Historical;
Artist;;an;jo{zun}si </i>[dʑo̞.zun´.si]<i>;;
Asbestos;;inan;en{ki}wi{ca} </i>[ɛ̝n.ki´.wi.tɕä´]<i>;Borrowed from Mallian;
Ash;;inan;ye{da} </i>[jɛ̝.dä´]<i>;;
Ask;;verb;jo{ko} </i>[dʑo̞.ko̞´]<i>;;
Atom;;inan;seja{we} </i>[sɛ̝.dʑä.wɛ̝´]<i>;;
Attack;;verb;ko{tsa}di </i>[ko̞.tsä´.di]<i>;;
Audience;;an;te{sa} </i>[tɛ̝.sä´]<i>;;
Augmentative, chonker;;;tu </i>[tu]<i>;;
Autism;;inan;;;
Auto, self, by ...self;;verb;lo{je} </i>[lo̞.dʑɛ̝´]<i>;;
Autumn, Fall;;inan;{i}sepa </i>[i´.sɛ̝.pä]<i>;;
Avoid;;verb;be{ka} </i>[bɛ̝.kä´]<i>;;
Aware;;verb;te{zhe}gu </i>[tɛ̝.ʑɛ̝´.gu]<i>;;
Away;;adj;le{pe} </i>[lɛ̝.pɛ̝´]<i>;;
Axe;;inan;{pa} </i>[pä´]<i>;;
Axe;;inan;{pa}te </i>[pä´.tɛ̝]<i>;;
Azkali;;inan;za{ka}li{sa} </i>[zä.kä´.li.sä´]<i>;;
Azkali (Language);;inan;za{ka}li {di}ye </i>[zä.kä´.li di´.jɛ̝]<i>;;
Azkali (People);;an;za{ka}li si </i>[zä.kä´.li si]<i>;;
Baby;BEBE;an;bebe </i>[bɛ̝.bɛ̝]<i>;;ahan
Baby;;an;pepe </i>[pe.pe]<i>;;
Back;;inan;la{ke} </i>[lä.kɛ̝´]<i>;;
Back;;inan;la{ke} </i>[lä.kɛ̝´]<i>;;
Back and forth, sine (informal);;inan;;Used in Ahanan to refer to sine wave synths, and sine waves in general;
Back, return;;verb;je{ke} </i>[dʑɛ̝.kɛ̝´]<i>;;
Bad;DEFOTE;adj;de{fo}te </i>[dɛ̝.fo̞´.tɛ̝]<i>;;
Bad;;adj;de{fo}te </i>[dɛ̝.fo̞´.tɛ̝]<i>;Widely considered to be racially motivated against Kaneeds, specifically Baphians, use with caution, there is not a good alternative besides spelling it out alphabetically;
Bad;;adj;de{fo}te </i>[dɛ̝.fo̞´.tɛ̝]<i>;Widely considered to be racially motivated against Kalis, use with caution, there is not a good alternative besides spelling it out alphabetically;
Bag;;inan;co{ze} </i>[tɕo̞.zɛ̝´]<i>;;
Bake;;verb;bi{shu} </i>[bi.ɕu´]<i>;;
Balance;;inan;de{su}je{ju} </i>[dɛ̝.su´.dʑɛ̝.dʑu´]<i>;;
Ball;;inan;;;
Banana;;inan;mo{ze} </i>[mo̞.zɛ̝´]<i>;;
Banana tree;;an;mo{za}tsa </i>[mo̞.zä´.tsä]<i>;;
Banister, railing;;inan;{kye}tsa </i>[kjɛ̝´.tsä]<i>;;
Bank;;inan;po{dyi} </i>[po̞.dji´]<i>;;s
Baphia;TUKU;inan;{tu}kusa </i>[tu´.ku.sä]<i>;;
Baphian (Language);BAFI;inan;ba{fi} {di}ye </i>[bä.fi´ di´.jɛ̝]<i>;;
Baphian (People);NOPU;an;no{pu} si </i>[no̞.pu´ si]<i>;;
Bar, Tavern;;inan;ze{ga} </i>[zɛ̝.gä´]<i>;;
Barely;GATE;;{ga}te </i>[gä´.tɛ̝]<i>;Borrowed from Loremese;
Bark (tree);;an;zu{de} </i>[zu.dɛ̝´]<i>;Historical;
Bark (tree);;an;zu{de} </i>[zu.dɛ̝´]<i>;;
Barrusia;PALUŚIJA;inan;{pa}lushi{ya}sa </i>[pä´.lu.ɕi.jä´.sä]<i>;;
Barrusia (Language);PALUŚIJA;inan;{pa}lushi{ya} {di}ye </i>[pä´.lu.ɕi.jä´ di´.jɛ̝]<i>;;
Barrusian (People);PALUŚIJA;an;{pa}lushi{ya} si </i>[pä´.lu.ɕi.jä´ si]<i>;;
Bat;;an;so{tsoshe} </i>[so̞.tso̞´.ɕɛ̝´]<i>;;
Bay;;inan;seding </i>[sɛ̝.diŋ]<i>;;
Be;CE;verb;ce </i>[tɕɛ̝]<i>;;ahan
Be;;verb;te </i>[tɛ̝]<i>;;
Be late;;verb;;;
Be nauseous;;verb;;;
Be patient;;verb;;;
Be round;;verb;;;
Beamos;;inan;;;hy
Bean;;an;fa{su}le </i>[fä.su´.le]<i>;;
Bear; ;an;e{yu} </i>[ɛ̝.ju´]<i>;;
Beast;;an;ha{yi}won </i>[ha.ji´.wo̞]<i>;Borrowed from Jkawi;
Beat, harm, fight;;verb;;;
Beat, tempo;;inan;;;
Because;PETEÑ;;pe{teng} </i>[pɛ̝.tɛ̝ŋ´]<i>;;s
Because;;;pe{teng} </i>[pɛ̝.tɛ̝ŋ´]<i>;Formal;s
Because;;;pe{teng} </i>[pɛ̝.tɛ̝ŋ´]<i>;;religion
Become, transform;;verb;se{wa} </i>[sɛ̝.wä´]<i>;;
Bed;;inan;{sa} </i>[sä´]<i>;;
Bee;;an;pon{sye} </i>[po̞n.sjɛ̝´]<i>;;
Beef (meat);;inan;se{te} </i>[sɛ̝.tɛ̝´]<i>;;
Beetle;;an;um{he} </i>[um.hɛ̝´]<i>;;
Before;;adj;ka{le} </i>[kä.lɛ̝´]<i>;;
Befriend, become friends;;verb;{sho}sise </i>[ɕo´.si.sɛ̝]<i>;;
Being (Non humanoid);;an;e{ya}wan </i>[ɛ̝.jä´.wän]<i>;;
Being, person;;an;si </i>[si]<i>;Can be used for specific people but uncommon;
Believe;;verb;{i}dze </i>[i´.dzɛ̝]<i>;;
Bell;;inan;deso{yan} </i>[dɛ̝.so̞.jän´]<i>;;
Belly, stomach;;an;{ku}ssa </i>[ku´.s:ä]<i>;;
Below;;adj;tin </i>[tin]<i>;;
Below, low;;adj;tin </i>[tin]<i>;;
Bend, curve;;verb;;;
Benumb, become numb;;verb;mang{ke}se </i>[mäŋ.kɛ̝´.sɛ̝]<i>;;
Berry;;an;ke{yode} </i>[kɛ̝.jo̞´.dɛ̝´]<i>;;
Bible, Shidamist;;an;musa </i>[mu.sä]<i>;Borrowed from Jkawi. For the Shidamist bible specifically;
Big, large;;adj;po{ttu} </i>[po̞.t:u´]<i>;;
Bile, vomit;;an;{ku}ssa{e}ze </i>[ku´.s:ä.ɛ̝´.zɛ̝]<i>;;
Bill, invoice;;inan;;;
Bill, invoice;;verb;;;
Bimbo;;an;;;
Birch tree;;an;{i}zengzu </i>[i´.zɛ̝ŋ.zu]<i>;;
Bird;;an;to{tso} </i>[to̞.tso̞´]<i>;;
Birth;;verb;wi{le}te </i>[wi.lɛ̝´.tɛ̝]<i>;;
Bishop (Chess);;inan;ku{zo} </i>[ku.zo̞´]<i>;;
Bite;;verb;{e}dede </i>[ɛ̝´.dɛ̝.dɛ̝]<i>;;
BL, boy’s love, yaoi, gay media;JELOWI;inan;yelo{wi} </i>[jɛ̝.lo̞.wi´]<i>;;
Black;;adj;{so}ye </i>[so̞´.jɛ̝]<i>;;
Blight;;inan;;;s
Blind;;adj;;;
Blind;;verb;;;
Block;;verb;jeju{se} </i>[dʑɛ̝.dʑu.sɛ̝´]<i>;;
Blood (informal);;an;se{we} </i>[sɛ̝.wɛ̝´]<i>;;
Blood (vulgar);;an;se{kye} </i>[sɛ̝.kjɛ̝´]<i>;;
Blossom;;verb;;;
Blow;;verb;fo{ye} </i>[fo̞.jɛ̝´]<i>;;
Blue;;adj;be{we} </i>[bɛ̝.wɛ̝´]<i>;;
Boat;;inan;zon{ssa} </i>[zo̞n.s:ä´]<i>;;
Body;;an;sum{po} </i>[sum.po̞´]<i>;;
Bog down, slow down;;verb;nu{se}po{ttu} </i>[nu.sɛ̝´.po̞.t:u´]<i>;;
Bog, swamp;;an;mu{peeko} </i>[mu.pɛ̝:´.ko̞´]<i>;;
Boil;;verb;de{pe}we </i>[dɛ̝.pɛ̝´.wɛ̝]<i>;;
Bokoblin;;an;;;hy
Bone;;an;mon{zang} </i>[mo̞n.zäŋ´]<i>;;
Book;;inan;mu{za} </i>[mu.zä´]<i>;;
Border;;inan;ono{tsa} </i>[o̞.no̞.tsä´]<i>;;
Born;;verb;wi{le}te </i>[wi.lɛ̝´.tɛ̝]<i>;;
Bottle;;inan;li{tepe}we </i>[li.tɛ̝´.pɛ̝´.wɛ̝]<i>;;
Bottom (sexual);;an;kasi </i>[kä.si]<i>;;
Bowl;;inan;;;
Boy;;an;{pa}wa </i>[pä´.wä]<i>;Used for nonkaneeds, borrowed from Loremese;
BPD;;inan;;;
Brain, mind;;an;mu{je} </i>[mu.dʑɛ̝´]<i>;;
Braise;;verb;sede{fee} </i>[sɛ̝.dɛ̝.fɛ̝:´]<i>;;
Brat, a whiney child;HHASI;an;{hha}si </i>[h:ä´.si]<i>;;
Bread;;inan;fe{de} </i>[fɛ̝.dɛ̝´]<i>;;
Break;;verb;sin{ce}yu </i>[sin.tɕɛ̝´.ju]<i>;;
Break in;;verb;she{ca} </i>[ɕɛ̝.tɕä´]<i>;;
Breast;;an;jo{we} </i>[dʑo̞.wɛ̝´]<i>;;
Breathe;;verb;se{ye} </i>[sɛ̝.jɛ̝´]<i>;;
Brew;;verb;mu{pe}ja </i>[mu.pɛ̝´.dʑä]<i>;;
Bright;;adj;{i}zengkyu </i>[i´.zɛ̝ŋ.kju]<i>;;
Bring;;verb;{ki}doga </i>[ki´.do̞.gä]<i>;;
Broadcast;;verb;;;
Broil;;verb;poo{wa}de{ya} </i>[po̞:.wä´.dɛ̝.jä´]<i>;;
Brother;;an;sa{zu}ba </i>[sä.zu´.bä]<i>;Used for nonkaneeds, borrowed from Loremese;
Brown;;adj;;;
Brush;;inan;se{de}gu </i>[sɛ̝.dɛ̝´.gu]<i>;;
Bud, sprout;;verb;;;
Build;;verb;ja{we} </i>[dʑä.wɛ̝´]<i>;;
Building;;inan;je{we} </i>[dʑɛ̝.wɛ̝´]<i>;;
Bulge;;inan;;;
Bulge;;verb;;;
Bull;;an;{a}se{ku} </i>[ä´.sɛ̝.ku´]<i>;;
Bump;;verb;;;
Burn;;verb;e{ya}ke </i>[ɛ̝.jä´.kɛ̝]<i>;;
But;TEKE;;teke </i>[tɛ̝.kɛ̝]<i>;;
Buy;;verb;po{ba} </i>[po̞.bä´]<i>;;
Cabbage;;inan;le{no} </i>[lɛ̝.no̞´]<i>;;
Cage;;inan;;;
Calamity, disaster;;inan;;;s
Calendar;;inan;e{ke}mu{za} </i>[ɛ̝.kɛ̝´.mu.zä´]<i>;;
Call (out), shout;;verb;de{te}ye </i>[dɛ̝.tɛ̝´.jɛ̝]<i>;;
Call (phone);;verb;e{ye}o{wa} </i>[ɛ̝.jɛ̝´.o̞.wä´]<i>;;
Call, name;;verb;yetu </i>[jɛ̝.tu]<i>;;
Camel;;an;sho{te}be </i>[ɕo̞.tɛ̝´.bɛ̝]<i>;;
Camera;;inan;;;
Canada;FULANSU;inan;jang{ge}fu{lan}su </i>[dʑäŋ.gɛ̝´.fu.län´.su]<i>;;real
Cannibal;;an;{na}tili </i>[nä´.ti.li]<i>;Borrowed from Azkali, ultimately from hngatiladdi /ŋ̊atilad:i/;
Cannibalise;;verb;;;
Cannibalism;;inan;{na}tilifo{nu} </i>[nä´.ti.li.fo̞.nu´]<i>;;
Cannibalize;;verb;;;
Canyon, ravine;;inan;{noe}de </i>[no̞´.ɛ̝´.dɛ̝]<i>;;
Capacitor;;inan;;;
Cape (fabric);;inan;u{sa}zhe </i>[u.sä´.ʑɛ̝]<i>;;
Cape (geography);;inan;;;
Capital;;inan;{be}wepoo{wa} </i>[bɛ̝´.wɛ̝.po̞:.wä´ ]<i>;;
Capitalism;;inan;;;
Captain (ship);;an;zon{e}fo{nu} </i>[zo̞n.ɛ̝´.fo̞.nu´]<i>;;
Car;;inan;;;
Card (deck);;inan;;;
Card (game);;inan;;;
Card, contact card;;inan;;;
Care;;verb;{e}pe{ba} </i>[ɛ̝´.pɛ̝.bä´]<i>;;
Career;;inan;;;
Carnation;;an;;;
Cartel;;inan;;;
Carve;;verb;yete </i>[jɛ̝.tɛ̝]<i>;;
Case (legal);;an;;;
Case (linguistics);;inan;;;
Case (storage);;inan;;;
Castle;;inan;ke{le} </i>[kɛ̝.lɛ̝´]<i>;;
Castle (Chess);;verb;ma{tse} </i>[mä.tsɛ̝´]<i>;;
Cat;;an;tin{ge} </i>[tiŋ.gɛ̝´]<i>;;
Cause, causative;;verb;{ke}be </i>[kɛ̝´.bɛ̝]<i>;;
Cave;;inan;be{kye} </i>[bɛ̝.kjɛ̝´]<i>;;ahan
Cave;;inan;dong{ko}yo </i>[do̞ŋ.ko̞´.jo̞]<i>;;
Cave entrance;;inan;pedong{ko} </i>[pɛ̝.do̞ŋ.ko̞´]<i>;;
Celebration, festival;;inan;;;
Cell;;an;{e}syeko </i>[ɛ̝´.sjɛ̝.ko̞]<i>;;
Cellphone;OJEN;inan;o{yen} </i>[o̞.jɛ̝n´]<i>;;
Cellphone;;inan;o{wa}e{ye} </i>[o̞.wä´.ɛ̝.jɛ̝´]<i>;;
Center;;adj;{fo}pu </i>[fo̞´.pu]<i>;;
Certain, be certain;;verb;yu{ye}yim </i>[ju.jɛ̝´.jim]<i>;;
Chaebol;;inan;{ku}sabate </i>[ku´.s:ä.bä.tɛ̝]<i>;Considered rude but is becoming more widely used, especially in news outlets;
Chain;;inan;;;
Chair;;inan;;;
Change;;verb;de{kye} </i>[dɛ̝.kjɛ̝´]<i>;;
Chapter;;inan;mu{za}zzo </i>[mu.zä´.z:o̞]<i>;;
Chasm;;inan;{jue}de </i>[ju´.ɛ̝´.dɛ̝]<i>;;
Chess;;inan;{ze}tagu </i>[zɛ̝´.tä.gu]<i>;;
Chest (Body);;inan;sum{po} </i>[sum.po̞´]<i>;;
Chest (Body), upper body ;;inan;{tso}webi </i>[tso̞´.wɛ̝.bi]<i>;;
Chicken;;an;to{tso}cho </i>[to̞.tso̞´.tɕo̞]<i>;;
Chickpea;;an;;;
Child labour laws;;inan;pe{leesewa}wo </i>[pɛ̝.lɛ̝:´.sɛ̝´.wä´.wo̞]<i>;;
Child labour laws;;inan;pe{leesewa}wo </i>[pɛ̝.lɛ̝:´.sɛ̝´.wä´.wo̞]<i>;Archaic;
Child, kid;;an;pe{le} </i>[pɛ̝.lɛ̝´]<i>;;
Chip, crisp;;inan;;;
Cholto;CODO;;{co}do </i>[tɕo̞´.do̞]<i>;Cholto is a filler word, like “well”, it can also be used as a diminutive;
Chopsticks;;inan;;;
Christmas;KURISUMASE;inan;ku{lisu}mase </i>[ku.li´.su´.mä.sɛ̝]<i>;;real
Christmas time;KURISUMASE;inan;ku{lisu}maseda </i>[ku.li´.su´.mä.sɛ̝.dä]<i>;;real
Chuchu;;an;;;hy
Chunk;;inan;;;
Church (Saulist);;inan;za{ta}zha{da} </i>[zä.tä´.ʑä.dä´]<i>;Borrowed from Loremese;
Church (Shidamist);;an;;;
Cinema, movie theatre;;inan;je{je} </i>[pum´.dʑɛ̝´]<i>;;
Circle;;inan;sho{she} </i>[ɕo̞.ɕɛ̝´]<i>;;
City, town;;inan;{be}wetu </i>[bɛ̝´.wɛ̝.tu]<i>;;
Clan;;inan;i{ke} </i>[i.kɛ̝´]<i>;;
Class (wealth);;inan;se{fye} </i>[sɛ̝.fjɛ̝´]<i>;;
Clear;;verb;;;
Cliff;;inan;{fa}ka </i>[fä´.kä]<i>;;
Climb;;verb;ceng{ka} </i>[tɕɛ̝ŋ.k:ä´]<i>;;
Close;;verb;{tsa}do </i>[tsä´.do̞]<i>;;
Cloth;;inan;son </i>[so̞n]<i>;;
Clothes;;inan;u{ya} </i>[u.jä´]<i>;;
Cloud;;inan;{pu}ce </i>[pu´.tɕɛ̝]<i>;Historical;
Cloud;;inan;{pu}ce </i>[pu´.tɕɛ̝]<i>;;
Club, rave;;inan;ze{pun} </i>[zɛ̝.pun´]<i>;;
Cocaine, coke;;inan;;;
Coffee;;inan;;;
Coffee bean;;an;;;
Cold;;adj;son{kku} </i>[so̞ŋ.k:u´]<i>;;
Cold;;verb;son{kku} </i>[so̞ŋ.k:u´]<i>;;
Collar;;inan;;;
Collect;;verb;du{nun} </i>[du.nun´]<i>;;
Colonize;;verb;;;
Colour;;inan;tu{zong} </i>[tu.zo̞ŋ´]<i>;;
Combine freely, mix and match;;verb;seu{ya} </i>[sɛ̝.u.jä´]<i>;;
Come, head towards;;verb;yu </i>[ju]<i>;;
Community, village;;inan;;;
Commute;;verb;;;
Company (Business) ;;inan;;;
Company, a group of people;;an;;;
Complete;;adj;kele </i>[ke.le]<i>;Borrowed from Jkawi;
Compliment;;verb;so{de}e{ye} </i>[so̞.dɛ̝´.ɛ̝.jɛ̝´]<i>;;
Computer;;inan;mu{je}kesi </i>[mu.dʑɛ̝´.kɛ̝.si]<i>;;
Concept;;inan;ke{le}pe </i>[kɛ̝.lɛ̝´.pɛ̝]<i>;;
Concern;;verb;;;
Concern, business;;inan;;;
Conclude;;verb;;;
Condition, adapt;;verb;;;
Conditional marker;;;;;
Cone;;inan;;;
Confess, tell;;verb;;;s
Conglomerate, chaebol;;inan;ze{pa} </i>[zɛ̝.pä´]<i>;;
Conquer;;verb;;;
Consider, think about, reflect;;verb;fo{lu} </i>[fo̞.lu´]<i>;;
Container;;inan;pe{kyo} </i>[pɛ̝.kjo̞´]<i>;;
Continue;;verb;su{zzu} </i>[su.z:u´]<i>;;
Contrary;;adj;{zze} </i>[z:ɛ̝´]<i>;;
Control;;verb;{si}te </i>[si´.tɛ̝]<i>;;
Control;;inan;{si}tefo{nu} </i>[si´.tɛ̝.fo̞.nu´]<i>;;
Convalesce;;verb;;;
Cook;;verb;de{fee} </i>[dɛ̝.fɛ̝:´]<i>;;
Copper;;inan;;;
Coral;;an;;;
Coral (reef);;inan;;;
Corpse;;inan;{do}ku </i>[do̞´.ku]<i>;;
Correct;;adj;{ki}je </i>[ki´.dʑɛ̝]<i>;Historical;
Correct, right;;adj;{ki}je </i>[ki´.dʑɛ̝]<i>;;
Correspond;;verb;;;
Corrupt;;verb;;;
Corruption;;inan;;;
Couch;FILA;inan;{fi}la </i>[fi´.lä]<i>;Borrowed from Jkawi. Older;
Could, may do;;verb;sye </i>[sjɛ̝]<i>;;
Counsel;;verb;;;
Count;;verb;zo{te} </i>[zo̞.tɛ̝´]<i>;;
Country, nation;;inan;pe{ta} </i>[pɛ̝.tä´]<i>;;
County;;inan;;;
Cousin;;an;;;
Cover;;verb;ke{de} </i>[kɛ̝.dɛ̝´]<i>;;
Cow;;an;se{ku} </i>[sɛ̝.ku´]<i>;;
Crab;;an;;;
Crane (bird);;an;;;
Create;;verb;ja{be} </i>[dʑä.bɛ̝´]<i>;;
Creole;;inan;de{di}ye </i>[dɛ̝.di´.jɛ̝]<i>;;
Crestwalking, walking in the rain and falling face first;;verb;;;
Crime;;inan;e{ke}yun </i>[ɛ̝.kɛ̝´.jun]<i>;;
Cring;LIÑ;inan;ling{sa} </i>[liŋ.sä´]<i>;;
Cring (Language);LIÑ;inan;ling{di}ye </i>[liŋ.di´.jɛ̝]<i>;;
Cring (People);LIÑ;an;lingsi </i>[liŋ.si]<i>;;
Croptop, baby tee;;inan;;;
Crowdfund;;verb;;;
Crunk, crazy intoxicated, incredibly intoxicated;;verb;;;ahan
Cry;;verb;ba{ka} </i>[bä.kä´]<i>;;
Cucco;;an;;;hy
Cuddle, spoon;;verb;;;
Cult classic;;inan;;;real
Cultivate;;verb;;;
Culture;;inan;mu{kye} </i>[mu.kjɛ̝´]<i>;;
Cum, semen (vulgar);;an;;;
Cunty;KISE;an;ki{se} </i>[ki.sɛ̝´]<i>;;ahan
Cup;;inan;;;
Cure;;verb;;;
Cut;;verb;ko{she} </i>[ko̞.ɕɛ̝´]<i>;;
Cyan, sky blue;;adj;shuwe </i>[ɕu.wɛ̝]<i>;Sunterian borrowing. Uncommon;
Cysteia;SSIDIJA;inan;{ssi}diya{sa} </i>[s:i´.di.jä.sä´]<i>;;
Cysteian (Language);SSIDIJA;inan;{ssi}diya {di}ye </i>[s:i´.di.jä di´.jɛ̝]<i>;;
Cysteian (People);SSIDIJA;an;{ssi}diya si </i>[s:i´.di.jä si]<i>;;
Dam;;inan;;;
Dance;;verb;pu{zzhe} </i>[pu.ʑ:ɛ̝´]<i>;;
Dandelion;;inan;;;
Dark;;adj;{so}dokyu </i>[so̞´.do̞.kju]<i>;;
Dark brown;;adj;;;
Davidria;TAWIDIJA;inan;ta{wi}di{ya}sa </i>[tä.wi´.di.jä´.sä]<i>;;
Davidrian (Language);TAWIDIJA;inan;ta{wi}di{ya} {di}ye </i>[tä.wi´.di.jä´ di´.jɛ̝]<i>;;
Davidrian (People);TAWIDIJA;an;ta{wi}di{ya} si </i>[tä.wi´.di.jä´ si]<i>;;
Day (measurement);;inan;jo{pe} </i>[dʑo̞.pɛ̝´]<i>;;
Daydream;;verb;;;
Dead;;adj;{bi} </i>[bi´]<i>;;
Death;;inan;bi{ye}fo{nu} </i>[bi.jɛ̝´.fo̞.nu´]<i>;;
Debate;;verb;;;
Debt (general);;inan;;;
Debt (money);;inan;;;
Decay;;verb;;;
Decide, choose, pick;;verb;ko{wa} </i>[ko̞.wä´]<i>;;
Declare;;verb;;;
Deduce;;verb;;;
Defence;;inan;;;
Defenestrate;;verb;don{shete}yepe{dyi} </i>[do̞n.ɕɛ̝´.tɛ̝´.jɛ̝.pɛ̝.dji´]<i>;;
Defibrillator;;inan;;;
Deku Baba;;an;;;hy
Delay;;verb;;;
Delegate;;verb;;;
Demand;;verb;{e}zanla{fa} </i>[ɛ̝´.zän.lä.fä´]<i>;;
Democracy;;inan;;;
Demon (general);;inan;;;
Demonic;;adj;;;
Den;;inan;ran{be} </i>[ran.bɛ̝´]<i>;;
Deposit;;verb;;;
Desert;;inan;{pu}ye </i>[pu´.jɛ̝]<i>;;
Design;;inan;;;
Design;;verb;;;
Diagnose;;verb;;;
Dictate;;verb;;;
Die;;verb;bi{ye} </i>[bi.jɛ̝´]<i>;;
Die;;verb;bi{ye} </i>[bi.jɛ̝´]<i>;;
Differ;;verb;{mwe}de </i>[mwɛ̝´.dɛ̝]<i>;;
Different;;inan;{mwe}dezhu </i>[mwɛ̝´.dɛ̝ .ʑu ]<i>;;
Dig;;verb;ko </i>[ko̞]<i>;;
Diminutive, mini;;;ko </i>[ko̞]<i>;;
Diploma;;inan;;;
Direction;;inan;le{ya}syo </i>[lɛ̝.jä´.sjo̞]<i>;;
Dirty;;adj;do{yo}de </i>[do̞.jo̞´.dɛ̝]<i>;;
Disallow;;verb;doze{bee} </i>[do̞.zɛ̝.bɛ̝:´]<i>;;
Disease;;an;;;
Dish;;an;gi </i>[gi]<i>;See <a href=“https://boryaworld.miraheze.org/wiki/Kaneedkind#Sexes“>Kaneedkind sexes</a>;
Dishonour;;inan;dose{he} </i>[do̞.sɛ̝.hɛ̝´]<i>;;
Dismount;;verb;;;
Dissect;;verb;;;
Distance, far off;;inan;{u}zzo </i>[u´.z:o̞]<i>;;
Dive;;verb;jan{de} </i>[dʑän.dɛ̝´]<i>;;
Dive into lava;;verb;jan{de}de{ya} </i>[dʑän.dɛ̝´.dɛ̝.jä´]<i>;;
Diverse;;adj;gu{mwe}de </i>[gu.mwɛ̝´.dɛ̝]<i>;;
Do;;verb;{to}be </i>[to̞´.bɛ̝]<i>;;
Do an action;;verb;in{ton} </i>[in.to̞n´]<i>;;
Do later;;verb;;;
Dog;;an;cin </i>[tɕin]<i>;;
Dominate;;verb;;;
Door;;inan;pe{wa}pe </i>[pɛ̝.wä´.pɛ̝]<i>;;
Down;;adj;e{ye} </i>[ɛ̝.jɛ̝´]<i>;;
Draft (military);;inan;;;
Draft (writing);;verb;;;
Dragon;;an;de{de} </i>[dɛ̝.dɛ̝´]<i>;;
Dread, fear;;verb;;;s
Dream;;an;te{zhetso}ne </i>[tɛ̝.ʑɛ̝:´.tso̞´.nɛ̝]<i>;;
Dream, fantasize;;verb;te{zhetso} </i>[tɛ̝.ʑɛ̝:´.tso̞´]<i>;;
Drink (alcohol);;verb;be{she}te </i>[bɛ̝.ɕɛ̝´.tɛ̝]<i>;;
Drink (nonalcoholic);;verb;se{se}pe </i>[sɛ̝.sɛ̝´.pɛ̝]<i>;;
Drive (vehicle);;verb;jege </i>[dʑɛ̝.gɛ̝]<i>;;ahan
Drive (vehicle);;verb;;;
Drug;;inan;;Usually only about medicine;
Drug, intoxicate;;verb;;;
Dry;;adj;ku{zze} </i>[ku.z:ɛ̝´]<i>;;
Dual marker;;;{yo} </i>[jo̞´]<i>;;
Duck;;an;;;
Dull (Knife);;adj;do{fo} </i>[do̞.fo̞´]<i>;;
Dust;;inan;do{ze}de </i>[do̞.zɛ̝´.dɛ̝]<i>;;
Dust;;inan;{la}ma </i>[lä´.mä]<i>;Borrowed from Jkawi;
Ear;;an;te{te} </i>[tɛ̝.tɛ̝´]<i>;;
Early;;adj;;;
Earth, Dirt;;an;zam{fong} </i>[zäm.fo̞ŋ´]<i>;;
Earthquake;;inan;;;
East;;inan;a </i>[ä]<i>;;
Eat;;verb;si{we} </i>[si.wɛ̝´]<i>;;
Edit, change;;verb;;;
Education;;inan;;;
Egg;;an;ju{mu}de </i>[dʑu.mu´.dɛ̝]<i>;;
Eight;12;;du{sa} </i>[du.sä´]<i>;Seen in a more slang sense, saying “in ce” is more formal;
Ejaculate;;verb;;;
Elect;;verb;;;
Electricity;;an;o{wae}kye </i>[o̞.wä´.ɛ̝´.kjɛ̝]<i>;;
Electron;;inan;;;
Elephant;;an;;;
Eleven;15;;ju{ci} </i>[dʑu.tɕi´]<i>;Seen in a more slang sense, saying “in jim” is more formal;
Elk;;an;be{ye}ko </i>[bɛ̝.jɛ̝´.ko̞]<i>;;
Elke;;an;li{ge} </i>[li.gɛ̝´]<i>;See <a href=“https://boryaworld.miraheze.org/wiki/Kaneedkind#Sexes“>Kaneedkind sexes</a>;
Emerald;;inan;;;
Empty;;adj;tsu{te} </i>[tsu´.tɛ̝]<i>;;
En passant (Chess);;inan;;;
Enact;;verb;;;
End;;verb;{ke} </i>[kɛ̝´]<i>;;
Energy;;an;do{kyu} </i>[do̞.kju´]<i>;;
Energy drink;BOJEKAA~;inan;boje{kaa}~ </i>[bo̞.jɛ̝.kä:´ ]<i>;Generalized brand name;
Engine (vehicle), an essential part of something;;inan;;;
Engrave;;verb;;;
Enjoy;;verb;;;
Enthrone;;verb;;;
Equal;;verb;de{su} </i>[dɛ̝.su´]<i>;;
Era;;inan;{keyu} </i>[kɛ̝´.ju´]<i>;;
Essential;;adj;je{jue}zan </i>[dʑɛ̝.dʑu´.ɛ̝´.zän]<i>;;
Evening;;inan;;;
Evermean, treeant;;an;;;hy
Everything;;inan;;;ahan
Everywhere, all places;;inan;;;
Exchange;;verb;;;
Excite, thrill;;verb;ko{wun} </i>[ko̞.wun´]<i>;;
Exclude;;verb;dotsa{do} </i>[do̞.tsä.do̞´]<i>;;
Excuse;;verb;po{de} </i>[po̞.dɛ̝´]<i>;;
Exhale;;verb;e{ko} </i>[ɛ̝.ko̞´]<i>;;
Exhibit;;inan;{ye}je </i>[jɛ̝´.dʑɛ̝]<i>;;
Exist;;verb;je{kyu} </i>[dʑɛ̝.kju´]<i>;;
Expect;ZUGU;verb;zu{gu} </i>[zu.gu´]<i>;;
Expire;;verb;;;
Exploit, tap;;verb;;;
Extremity;;an;{ta}wezzo </i>[tä´.wɛ̝.z:o̞]<i>;;
Eye;;an;tso </i>[tso̞]<i>;;
Eyebrow;;an;a{bu}ha </i>[ä.bu´.hä]<i>;Borrowed from Oikan;
Eyeliner;;inan;;;
Face;;an;zo{zi} </i>[zo̞.zi´]<i>;;
Face;;an;;;
Fact;;inan;;;
Fake;;adj;{zam}ku </i>[zäm´.ku]<i>;;
Fall;;verb;um{we} </i>[um.wɛ̝´]<i>;;
Fall in love, become enfatuated with;;verb;;;
Family;;an;ke{zzo} </i>[kɛ̝.z:o̞´]<i>;;
Fang, canine tooth;;an;{ce}fun{long} </i>[tɕɛ̝´.fun.lo̞ŋ´]<i>;;
Fantasize, daydream;;verb;;;
Fantasy;;inan;{ling}e </i>[liŋ´.ɛ̝.]<i>;;s
Far;;adj;{u}zzo </i>[u´.z:o̞]<i>;;
Farewell, goodbye;;;ha{non} </i>[hä.no̞n´]<i>;More formal then Cucis;
Farm;;inan;di{deekam} </i>[di.dɛ̝´:.käm´]<i>;;
Farmer;;an;se{pe}si </i>[sɛ̝.pɛ̝´.si]<i>;;
Fart (formal);;inan;;;
Fart (informal);;inan;;;
Fart (vulgar);;inan;;;
Fast;;verb;tan{zhe} </i>[tän.ʑɛ̝´]<i>;;
Fasting period;;inan;;;
Fat;;inan;sa{be} </i>[sä.bɛ̝´]<i>;;
Fat, Overweight;;adj;sa{be}je </i>[sä.bɛ̝´.dʑɛ̝ ]<i>;;
Father;;an;pa{ca} </i>[pä.tɕä´]<i>;Used for nonkaneeds, borrowed from Loremese;
Fatten;;verb;;;
Favourite, most liked;;adj;;;
Fear;;verb;shi </i>[ɕi]<i>;;
Feast, binge, glut;;verb;;;
Feather;;inan;co{du} </i>[tɕo̞.du´]<i>;;
Feed;;verb;;;
Feel (mental);;verb;so{zhe} </i>[so̞.ʑɛ̝´]<i>;;
Feel (physical);;verb;dun{te} </i>[dun.tɛ̝´]<i>;;
Feign;;verb;;;
Femboy;;an;;;
Feminize;;verb;;;
Ferment;;verb;;;
Fertilize;;verb;;;
Few;;adj;e{yu} </i>[ɛ̝.ju´]<i>;;
Field (geography);;inan;{da}fe </i>[dä´.fɛ̝]<i>;;
Field, study;;inan;{ye}e{ye}ju{kang} </i>[jɛ̝´.ɛ̝.jɛ̝´.dʑu.käŋ´]<i>;;
Fight;;verb;ko{tsa} </i>[ko̞.tsä´]<i>;;
Find;;verb;{tsi}he </i>[tsi´.hɛ̝]<i>;;
Finger;;an;se{ta}we </i>[sɛ̝.tä´.wɛ̝]<i>;;
Fingernail;;inan;zon{to} </i>[zo̞n.to̞´]<i>;;
Fire;;an;de{ya} </i>[dɛ̝.jä´]<i>;;
First person, 1st person;;prn;{ya} </i>[jä´]<i>;Borrowed from Loremese;religion
First person, 1st person;;prn;lo </i>[lo̞]<i>;;s
Fish;;an;po </i>[po̞]<i>;;
Fish;;an;po{gu} </i>[po̞.gu´]<i>;;
Fisherman;;an;posi </i>[po̞.si]<i>;;
Five;5;;jim </i>[dʑim]<i>;;
Fix;;verb;jan{ge}sa{se} </i>[dʑäŋ.gɛ̝´.sä.sɛ̝´]<i>;;
Flag, banner;;inan;;;
Flash, flashlight, torch, light;;inan;;;
Flat;;adj;bese </i>[bɛ̝.sɛ̝]<i>;;
Flatten;;verb;;;
Flesh;;an;;;
Flicker;;verb;dan{na} </i>[dän.nä´]<i>;;
Float;;verb;{ka}ko </i>[kä´.ko̞]<i>;;
Floor, level;;inan;;;
Flourish;;verb;;;
Flow;;verb;e{ko} </i>[ɛ̝.ko̞´]<i>;;
Flow;;an;e{ko}fo{nu} </i>[ɛ̝.ko̞´.fo̞.nu´]<i>;;
Flower;;an;we </i>[wɛ̝]<i>;;
Flower;;verb;we </i>[wɛ̝]<i>;;
Flower love, romantic love;;verb;we{e}pese </i>[wɛ̝.ɛ̝´.pɛ̝.sɛ̝]<i>;;
Flower love, romantic love;;verb;wepese </i>[wɛ̝.pɛ̝.sɛ̝]<i>;;ahan
Fly;;verb;de{le} </i>[dɛ̝.lɛ̝´]<i>;;
Fog, mist;;inan;pu{de} </i>[pu.dɛ̝´]<i>;;
Follow, tail;;verb;de{tse} </i>[dɛ̝.tsɛ̝´]<i>;;
Food, meal;;inan;e{lang} </i>[ɛ̝.läŋ´]<i>;when used as “meal” it is informal;
Fool;;an;;;
Fool;;verb;;;
Foot, paw;;an;kan{suu} </i>[kän.su:´]<i>;;
Footwear, shoe;;inan;;;
Force;;inan;;;
Force feed, make eat;;verb;;;
Force, make (do something);;verb;;;
Forclosure;;verb;;;
Foreign;;adj;ke{yenta} </i>[kɛ̝.jɛ̝n´.tä´]<i>;;
Forest;;an;zu{fu} </i>[zu.fu´]<i>;;
Forge;;verb;{tsezhe}he </i>[tsɛ̝´.ʑɛ̝´.hɛ̝]<i>;;
Forget, unlearn;;verb;;;
Forgive;;verb;;;
Fork;;inan;;;
Fort;;inan;;;
Fountain, water feature;;inan;;;
Four;4;;in{je} </i>[in.dʑɛ̝´]<i>;;
Fragment;;inan;;;
Fragment, shatter;;verb;;;
France;KANADA;inan;u{ma}ka{na}da </i>[u.mä´.kä.nä´.dä]<i>;;real
Free;;adj;u{ya} </i>[u.jä´]<i>;;
Free (of charge);;adj;po{sangku} </i>[po̞.säŋ´.ku´]<i>;;
Free cities;;inan;u{yabe}wetu{sa} </i>[u.jä´.bɛ̝´.wɛ̝.tu.sä´]<i>;;
Free cities resident;;an;u{yabe}wetu si </i>[u.jä´.bɛ̝´.wɛ̝.tu si]<i>;;
Free love, friendly love;;verb;u{yae}pese </i>[u.jä´.ɛ̝´.pɛ̝.sɛ̝]<i>;;
Free love, friendly love;;verb;u{ya}pese </i>[u.jä´.pɛ̝.sɛ̝]<i>;;ahan
Freeze;;verb;don{ko} </i>[do̞ŋ.ko̞´]<i>;;
Fresh;;adj;de{ye}ze </i>[dɛ̝.jɛ̝´.zɛ̝]<i>;;
Friend;;an;{sho}si </i>[ɕo´.si]<i>;;
Friendship;;an;;;
Front;;inan;se{de}ye </i>[sɛ̝.dɛ̝´.jɛ̝]<i>;;
Frozen love, familial love;;verb;dong{koe}pese </i>[do̞ŋ.ko̞´.ɛ̝´.pɛ̝.sɛ̝]<i>;;
Frozen love, familial love;;verb;dong{ko}pese </i>[do̞ŋ.ko̞´.pɛ̝.sɛ̝]<i>;;ahan
Fruit;;an;we{she}le </i>[wɛ̝.ɕɛ̝´.lɛ̝]<i>;;
Fry;;verb;;;
Full;;adj;{je}de </i>[dʑɛ̝´.dɛ̝]<i>;;
Full;;adj;{je}de </i>[dʑɛ̝´.dɛ̝]<i>;Historical;
Fun;;adj;;;
Funny;;adj;le{keke} </i>[lɛ̝.kɛ̝´.kɛ̝´]<i>;;
Further, more far;;adj;{i}to{u}zzo </i>[i´.to̞.u´.z:o̞]<i>;;
Future marker;;;;;
Gallery;;inan;jo{zun}je </i>[dʑo̞.zun´.dʑɛ̝]<i>;;
Game;;inan;;;
Gardenia;;an;;;
Garistan;KAZIDAN;inan;ka{zi}dan{sa} </i>[kä.zi´.dän.sä´]<i>;;
Garistan (Language);KAZIDAN;inan;ka{zi}dan {di}ye </i>[kä.zi´.dän di´.jɛ̝]<i>;;
Garistan (People);KAZIDAN;an;ka{zi}dan si </i>[kä.zi´.dän si]<i>;;
Gate;;inan;pe{wa} </i>[pɛ̝.wä´]<i>;;
Genetive marker;;;;Used as the genetive marker;
Gerudo;;inan;;;hy
Ghostwrite;;verb;;;
Gibdo;;inan;;;hy
Gift;;inan;;;
Gift;;verb;;;
Ginseng;;an;;;
Girl;KALA;an;ka{la} </i>[kä.lä´]<i>;Informal, not usually used for younger females, borrowed from Azkali;
Girl;;an;{pa}wala </i>[pä´.wä.lä]<i>;Used for nonkaneeds, borrowed from Loremese;
Give;;verb;{ba} </i>[bä´]<i>;;
Give (out of kindness), gunnen;;verb;so{ba} </i>[so̞.bä´]<i>;;
Give permission, consent;;verb;wan </i>[wän]<i>;;
Glance;;verb;;;
Glass;;inan;li{she}pu{ye} </i>[li.ɕɛ̝´.pu.jɛ̝´]<i>;;
Glasses;;inan;no{ze}dyi </i>[no̞.zɛ̝´.dji]<i>;;
Gleeok;;an;;;hy
Gloves;;inan;{kye} </i>[kjɛ̝´.]<i>;;
Gloves;;inan;{kyeya} </i>[kjɛ̝´.jä´]<i>;;ahan
Go in a rave/club/bar already intoxicated, pregaming, predrinking;;verb;;slang;
Go, move;;verb;je{pum} </i>[dʑɛ̝.pum´]<i>;;
Goat;;an;be{waa} </i>[bɛ̝.wä:´]<i>;;
God;;an;{u}te </i>[u´.tɛ̝]<i>;;
God (Saul);;an;{sa}lu </i>[sä´.lu]<i>;;
God (Shidama);;an;;;
God (Ukilen), moon;;inan;;;
Godly love;;verb;{u}te{e}pese </i>[u´.tɛ̝.ɛ̝´.pɛ̝.sɛ̝]<i>;Can be used to describe the love between a creator and a creation in any sense except for parents;
Godly love;;verb;{u}tepese </i>[u´.tɛ̝.pɛ̝.sɛ̝]<i>;Can be used to describe the love between a creator and a creation in any sense except for parents;ahan
Gold;;inan;so{to} </i>[so̞.to̞´]<i>;;
Good;;adj;so{de} </i>[so̞.dɛ̝´]<i>;;
Goodbye;CUSI;;cu{si} </i>[tɕu.si´]<i>;;
Goon;;verb;ye{fe}yeju </i>[jɛ̝.fɛ̝´.jɛ̝.dʑu]<i>;;
Goron;;an;;;hy
Gossip;;verb;;;s
Gossip, the word;;verb;;;ahan
Grape;;an;;;
Great;;adj;poo{wa} </i>[po̞:.wä´]<i>;;
Great king, emperor;;an;e{le} </i>[ɛ̝.lɛ̝´]<i>;;
Green;;adj;je{zhu} </i>[dʑɛ̝.ʑu´]<i>;;
Green out;;verb;kaye{dade} </i>[kä.jɛ̝.dä´.dɛ̝´]<i>;;
Grill;;verb;;;
Grotto;;an;;;
Ground;;inan;;;
Group;;an;te{yum} </i>[tɛ̝.jum´]<i>;;
Grove, pocket (nature), oasis;;an;;;
Grow;;verb;e{len} </i>[ɛ̝.lɛ̝n´]<i>;;
Growth;;an;e{len}fo{nu} </i>[ɛ̝.lɛ̝n´.fo̞.nu´]<i>;;
Guardian;;inan;;;s
Guardian Angel;;an;;;
Guess;;verb;{se}ko </i>[sɛ̝´.ko̞]<i>;Borrowed from Azkali;
Guess;;verb;su{sse} </i>[su.s:ɛ̝´]<i>;Uncommon;
Guide, help;;verb;;;
Gunjas creole;;inan;gun{ja} de{di}ye </i>[gun.dʑä´ dɛ̝.di´.jɛ̝]<i>;;
Guts;;an;{si}we </i>[si´.wɛ̝]<i>;;
Guy;;an;ma{la} </i>[mä.lä´]<i>;Informal, not usually used for younger males, borrowed from Azkali;
Hair;;an;be{se} </i>[bɛ̝.sɛ̝´]<i>;;
Hair;;an;su </i>[su]<i>;;ahan
Hairy gay man, bear;;an;mai{ga} </i>[mä.i.gä´]<i>;Borrowed from Azkali;
Hallei;HALUSA;inan;ha{lu}sa{sa} </i>[hä.lu´.sä.sä´]<i>;;
Hallucinate;;verb;;;
Hallusian (Language);HALUSA;inan;ha{lu}sa {di}ye </i>[hä.lu´.sä di´.jɛ̝]<i>;;
Hallusian (People);HALUSA;an;ha{lu}sa si </i>[hä.lu´.sä si]<i>;;
Hand, Paw;;an;{kye} </i>[kjɛ̝´]<i>;;
Hangover;;inan;;;
Hangover;;inan;;;
Happen;;verb;lo{ga} </i>[lo̞.gä´]<i>;;
Happy;;adj;;;s
Harm;;verb;{te}weyun </i>[tɛ̝´.wɛ̝.jun]<i>;;
Harvest;;inan;su{ka} </i>[su.kä´]<i>;;
Harvest;;verb;su{ka} </i>[su.kä´]<i>;;
Hatchet;;inan;{ba}le </i>[bä´.lɛ̝]<i>;Borrowed from Jkawi;
Hate (person);;verb;ja{dule} </i>[dʑä.du´.lɛ̝´]<i>;;
Hate, live in someones head rent free;;verb;;;
Have;;verb;ko{te} </i>[ko̞.tɛ̝´]<i>;;
He, 3rd person masculine;;prn;{sa} </i>[sä´]<i>;Borrowed from Loremese;religion
He, 3rd person masculine;;prn;so </i>[so̞]<i>;;s
He, 3rd person masculine;;prn;so </i>[so̞]<i>;historical, only used when trying to specify gender in text;s
Head;;an;zo{she} </i>[zo̞.ɕɛ̝´]<i>;;
Heal;;verb;;;
Health;;an;;;
Hear;;verb;te{te} </i>[tɛ̝.tɛ̝´]<i>;;
Heart;;an;shin{zang} </i>[ɕin.zäŋ´]<i>;;
Heart attack;;inan;bo{ye} </i>[bo̞.jɛ̝´]<i>;Very medical formal;
Heart attack;;an;;;
Heavy, big;;adj;je{ju} </i>[dʑɛ̝.dʑu´]<i>;;
Hedgehog;;an;dusu{ha} </i>[du.su.hä´]<i>;;
Heir;;an;{be}le </i>[bɛ̝´.lɛ̝]<i>;;
Hello;GI;;{gi} </i>[gi´]<i>;;
Help;;verb;{sa} </i>[sä´]<i>;;
Henralia;ENLALIJA;inan;en{la}li{ya}sa </i>[ɛ̝n.lä´.li.jä´.sä]<i>;;
Henralian (Language);ENLALIJA;inan;en{la}li{ya} {di}ye </i>[ɛ̝n.lä´.li.jä´ di´.jɛ̝]<i>;;
Henralian (People);ENLALIJA;an;en{la}li{ya} si </i>[ɛ̝n.lä´.li.jä´ si]<i>;;
Heroin, drug;;inan;{pu}cewe </i>[pu´.tɕɛ̝.wɛ̝]<i>;Has been genericized in modern baphia to be any hard drug, especially in Turku ward it has been genericized to be any drug including medicinal, not including alcohol;
Hesitate;;verb;;;
Hibernate ;;verb;zan{ze} </i>[zän.zɛ̝´]<i>;;
Hide;;verb;ke{we} </i>[kɛ̝.wɛ̝´]<i>;;
High;;adj;ye{pe} </i>[jɛ̝.pɛ̝´]<i>;;
High, intoxicated;JEPE;adj;ye{pe} </i>[jɛ̝.pɛ̝´]<i>;;
Hinox;;an;;;hy
History;;inan;jo{ko}he </i>[dʑo̞.ko̞´.hɛ̝]<i>;;
Hit;;verb;di </i>[di]<i>;;
Hit, smoke;;verb;;;
Hive;;inan;;;
Hold;;verb;du{te} </i>[du.tɛ̝´]<i>;;
Hold;;verb;du{te} </i>[du.tɛ̝´]<i>;;
Hole;;inan;{e}de </i>[ɛ̝´.dɛ̝]<i>;;
Holiday, festival;;inan;;;
Holy, god-like;;adj;{u}te </i>[u´.tɛ̝]<i>;;
Home, house;;inan;;;
Honey;;inan;po{pe}ye </i>[po̞.pɛ̝´.jɛ̝]<i>;;
Honour;;inan;se{he} </i>[sɛ̝.hɛ̝´]<i>;;
Hope;;verb;ye{ze} </i>[jɛ̝.zɛ̝´]<i>;;
Horn;;an;{zhe} </i>[ʑɛ̝´]<i>;;
Horriblin;;an;;;hy
Horse;;an;{I}zan </i>[i´.zän]<i>;;
Hot;;adj;ju{kyu} </i>[dʑu.kju´]<i>;;
Hour;;inan;;;
House;;inan;pe{dyi} </i>[pɛ̝.dji´]<i>;;
How;;;;;
Hug;;verb;ze{gan} </i>[zɛ̝.gän´]<i>;;
Hum;;verb;ro{de} </i>[ro.dɛ̝´]<i>;;
Human;;an;{o}beke </i>[o̞´.bɛ̝.kɛ̝]<i>;;
Human;;an;{o}beke </i>[o̞´.bɛ̝.kɛ̝]<i>;Derogatory;
Hummingbird;;an;;;
Hundred;166;;{sun} </i>[sun´]<i>;this isn’t really 100, in base 10 it is 98, but is commonly used in prices in stores.;
Hunt;;verb;fe </i>[fɛ̝]<i>;;
Hurry;;verb;;;
Hurt;;verb;dizhu </i>[di.ʑu]<i>;;
Hush, quiet down;;verb;;;
Hydrangea;;an;;;
Hyena;;an;no{pe} </i>[no̞.pɛ̝´]<i>;;
Hylian;HAILU;inan;ha{i}lusi </i>[hä.i´.lu.si]<i>;;hy
Hylian tomato;HAILU;an;;;hy
Hyrule;HAILU;inan;ha{i}lu </i>[hä.i´.lu]<i>;;hy
Ice;;inan;ze{dye} </i>[zɛ̝.djɛ̝´]<i>;;
Idea;;inan;;;
Idealize;;verb;;;
If;;;ko{ye} </i>[ko̞.jɛ̝´]<i>;;
Ignore;;verb;;;
Ihoshar;;inan;{yo}shasa </i>[jo̞´.ɕä.sä]<i>;;
Ihoshari (Language);;inan;{yo}sha {di}ye </i>[jo̞´.ɕä.di´.jɛ̝]<i>;;
Ihoshari (People);;an;{yo}sha si </i>[jo̞´.ɕä.si]<i>;;
Ill, be sick;;verb;sa{de} </i>[sä.dɛ̝´]<i>;;
Illness, virus, plague, sickness;;an;sa{de}ne </i>[sä.dɛ̝´.nɛ̝]<i>;;
Imagine;;verb;;;
Impact;;verb;tan{zhe}di </i>[tän.ʑɛ̝´.di]<i>;;
Important;;adj;;;
Include;;verb;{tsa}do </i>[tsä´.do̞]<i>;;
Incubus, demon (masculine);;inan;;;
Independance;;adj;;;
Independant;;adj;;;
Infant, baby, young child;;an;pe{lezhu} </i>[pɛ̝.lɛ̝´.ʑu´]<i>;;
Infect;;verb;;;
Infertile;;inan;e{ye}la </i>[ɛ̝.jɛ̝´.lä]<i>;;
Inform;;verb;;;
Information;;inan;{be}wete </i>[bɛ̝´.wɛ̝.tɛ̝]<i>;;
Injure;;verb;;;
Inlet;;inan;;;
Inscribe;;verb;;;
Insect, bug;;an;{sye} </i>[sjɛ̝´]<i>;;
Insecure;;adj;;;
Insecurities;;inan;;Also used specifically for a part of someone that they don’t like, which they don’t feel necessarily insecure about;
Inspire;;verb;;;
Inspire;;verb;;;
Interesting;;adj;kopu{lu} </i>[ko̞.pu.lu´]<i>;;
International, globbaly;;adj;;;
Interrogate ;;verb;po{cyu} </i>[po̞.tɕju´]<i>;;
Intuit;;verb;;;
Investigate;;verb;;;
Invite;;verb;{bakam} </i>[bä´.käm´ ]<i>;;
Ion;;inan;;;
Iron;;inan;do{mu} </i>[do̞.mu´]<i>;;
Island;;inan;zam{gu} </i>[zäm.gu´]<i>;;
Issue;;inan;;;
Issue, part;;inan;;Almost always used for magazines but can also be used in episodic media;
It;;prn;{sa} </i>[sä´]<i>;Borrowed from Loremese;religion
It;;prn;zho </i>[ʑo̞]<i>;;s
It;;prn;zho </i>[ʑo̞]<i>;historical, only used when trying to specify gender in text;s
Jackal;;an;{sa} </i>[sä´]<i>;;
Jealous, envy;;verb;;;s
Jealousy;;inan;;;s
Jester;;an;yo{tsi}kon </i>[jo̞.tsi´.ko̞n]<i>;Borrowed from Loremese;
Jkawi;HAWI;inan;ha{wi}sa </i>[hä.wi´.sä]<i>;;
Jkawi (Language);HAWI;inan;ha{wi} {di}ye </i>[hä.wi´.di´.jɛ̝]<i>;;
Jkawi (People);HAWI;an;ha{wi} si </i>[hä.wi´.si]<i>;;
Job, work;;inan;;;
Joint;;inan;;;
Joke;;inan;;;
Jolly, merry, happy (for a holiday);;adj;jole </i>[dʑo̞.lɛ̝]<i>;;real
Jot;;verb;;;
Journal;;inan;;;
Journal;;verb;;;
Juice, crushed fruit;;inan;;;
Jump;;verb;{za} </i>[zä´]<i>;;
Jump;;verb;{za} </i>[zä´]<i>;;
Jupiter;;inan;hu{pyeke} </i>[hu.pjɛ̝´.kɛ̝´]<i>;;
Jyosti;JOTSE;inan;yo{tse}sa </i>[jo̞.tsɛ̝´.sä]<i>;;
Jyosti (People);JOTSE;an;yo{tse} si </i>[jo̞.tsɛ̝´.si]<i>;;
Jyosti Baphian (Language);JOTSEBAFI;inan;yo{tse} ba{fi} {di}ye </i>[jo̞.tsɛ̝´ bä.fi´.di´.jɛ̝]<i>;;
Jyostian (language);JOTSE;inan;yo{tse} {di}ye </i>[jo̞.tsɛ̝´.di´.jɛ̝]<i>;;
Kasten;SADEN;inan;{sa}densa </i>[sä´.dɛ̝n.sä]<i>;;
Kastenian;SADEN;inan;{sa}den si </i>[sä´.dɛ̝n si]<i>;;
Keep;;verb;ze{ko} </i>[zɛ̝.ko̞´]<i>;;
Keese;;an;;;hy
Kes;SE;inan;se {di}ye </i>[sɛ̝ di´.jɛ̝]<i>;;
Kësh;;an;ki </i>[ki]<i>;See <a href=“https://boryaworld.miraheze.org/wiki/Kaneedkind#Sexes“>Kaneedkind sexes</a>;
Ketamine;;inan;;;
Kgokkonitlag;KOKODIDEGA;inan;ko{ko}di{de}ga{sa} </i>[ko̞.ko̞´.di.dɛ̝´.gä.sä´]<i>;;
Kgokkonitlag (People);KOKODIDEGA;an;ko{ko}di{de}ga si </i>[ko̞.ko̞´.di.dɛ̝´.gä si]<i>;;
Kickstart;;verb;;;
Kidney;;an;{ku}la </i>[ku´.lä]<i>;;
Kidney;;an;{ca} </i>[tɕä´]<i>;;
Kill;;verb;be{syi} </i>[bɛ̝.sji´]<i>;;
Kimchi;;inan;mu{le} </i>[mu.lɛ̝´ ]<i>;;
Kimjang, making kimchi;;verb;mu{le}ja </i>[mu.lɛ̝´.dʑä]<i>;;
Kind, nice, friendly;;adj;{sho}ta </i>[ɕo´.ta]<i>;Borrowed from Jkawi;
King (Chess);;inan;o{zha} </i>[o̞.ʑä´]<i>;;
Kingdom, land;;inan;;;
Kiss;;verb;pe{ze} </i>[pɛ̝.zɛ̝´]<i>;;
Kitchen;;inan;;;
Kjaxono (Language);GAONO;inan;{ga}ono {di}ye </i>[gä´.o̞.no̞ di´.jɛ̝]<i>;;
Knee;;an;yu{pe} </i>[ju.pɛ̝´]<i>;;
Knife;;inan;{ki}kam </i>[ki´.käm]<i>;;
Knight;;an;;;
Knight (Chess);;inan;ya{zo} </i>[jä.zo̞´]<i>;;
Knock;;verb;ta{e} </i>[tä.ɛ̝´]<i>;;
Know;;verb;{ye}yim </i>[jɛ̝´.jim]<i>;;
Lace;;inan;;;
Lake;;inan;nu </i>[nu]<i>;;
Land;;inan;zam{fong} </i>[zäm.fo̞ŋ´]<i>;;
Language;;inan;{di}ye </i>[di´.jɛ̝]<i>;;
Languish;;verb;;;
Lapis lazuli;;inan;;;
Lasia;LASIJA;inan;la{si}ya{sa} </i>[lä.si´.jä.sä´]<i>;;
Lasian (People);LASIJA;an;la{si}ya si </i>[lä.si´.jä si]<i>;;
Last;;verb;jede{ju} </i>[dʑɛ̝.dɛ̝.ju´]<i>;;
Last, final;;adj;pe{ke} </i>[pɛ̝.kɛ̝´]<i>;;
Laugh;;verb;le{ke} </i>[lɛ̝.kɛ̝´]<i>;;
Launder (clothes);;verb;;;
Launder (money);;verb;;;
Lava;;inan;wojo{we} </i>[wo̞.dʑo̞.wɛ̝´]<i>;;
Lavender;;an;;;
Lavish;;verb;;;
Lavish, rich, expensive;;adj;;;
Law, rule;;inan;{wa}wo </i>[wä´.wo̞]<i>;;
Layer;;inan;dette </i>[dɛ̝.t:ɛ̝´]<i>;;
Lead;;verb;{e}ce </i>[ɛ̝´.tɕɛ̝]<i>;;
Leaf;;an;ja{kya} </i>[dʑä.kjä´]<i>;;
Leak;;verb;;;
Learn;;verb;su{ya} </i>[su.jä´]<i>;;
Leash;;inan;;;
Leather;;inan;;;
Leave, exit;;verb;zu{ze} </i>[zu.zɛ̝´]<i>;;
Left (Direction);;adj;le{we} </i>[lɛ̝.wɛ̝´]<i>;;
Leg;;an;de{tse} </i>[dɛ̝.tsɛ̝´]<i>;;
Legacy;;an;;;
Lemon;;an;jim{fo} </i>[dʑim.fo̞´]<i>;;
Lemonade, lemon juice;;inan;;;
Length;;inan;;;
Let, allow;;verb;ze{bee} </i>[zɛ̝.bɛ̝:´]<i>;;
Library;;inan;mu{za}je </i>[mu.zä´.dʑɛ̝]<i>;;
Lie (down);;verb;jo{da} </i>[dʑo̞.dä´]<i>;;
Lie (in bed);;verb;jo{da} </i>[dʑo̞.dä´]<i>;;
Lie, tell untruths;;verb;edosan{ce} </i>[ɛ̝.do̞.sän.tɕɛ̝´]<i>;;s
Life;;an;so{be} </i>[so̞.bɛ̝´]<i>;Can be used for living things in general that is uncommon;
Light;;inan;{e}kye </i>[ɛ̝´.kjɛ̝]<i>;;
Light blue;;adj;{ma}wi </i>[mä´.wi]<i>;Borrowed from Jkawi. Uncommon;
Like (someone);;verb;ja{du} </i>[dʑä.du´]<i>;;
Like (something);;verb;zu{bbe} </i>[zu.b:ɛ̝´]<i>;;
Like Iike;;an;;;hy
Lily;;an;;;
Limb;;an;{ta}we </i>[tä´.wɛ̝]<i>;;
Line;;inan;;;
Linger;;verb;;;
Lion;;an;;;
Lip;;an;ke{ce}tu </i>[kɛ̝.tɕɛ̝´.tu ]<i>;;
Liquid;;an;;;
Listen;;verb;te{lu} </i>[tɛ̝.lu´]<i>;;
Live;;verb;je{se} </i>[dʑɛ̝.sɛ̝´]<i>;;
Live in;;verb;zo{dan} </i>[zo̞.dän´]<i>;;
Liver;;an;ke{pe} </i>[kɛ̝.pɛ̝´]<i>;;
Liver;;an;ke{pe} </i>[kɛ̝.pɛ̝´]<i>;Historical;
Living thing;;an;;;
Lizalfos;;an;;;hy
Lizard, reptile;;an;goke </i>[go̞´.kɛ̝]<i>;;
Lobotomy;;inan;;;
Locative, inside;;;;;
Loiter;;verb;;;
Long (for);;verb;lala{fa} </i>[lä.lä.fä´]<i>;;
Long, big;;adj;de{yu} </i>[dɛ̝.ju´]<i>;;
Look;EJA;verb;e{ya} </i>[e.jä´]<i>;Vulgar, borrowed from Kali creole;
Look;;verb;gu </i>[gu]<i>;;
Loosen, free;;verb;;;
Loremesia;;inan;lo{le}be{si}ya{sa} </i>[lo̞.lɛ̝´.bɛ̝.si´.jä.sä´]<i>;;
Loremesian (Language);;inan;lo{le}be{si}ya {di}ye </i>[lo̞.lɛ̝´.bɛ̝.si´.jä di´.jɛ̝]<i>;;
Loremesian (People);;an;lo{le}be{si}ya si </i>[lo̞.lɛ̝´.bɛ̝.si´.jä si]<i>;;
Lose (Game, war);;verb;je{ppa} </i>[dʑɛ̝.p:ä´]<i>;;
Lose (Person, thing);;verb;ke{zhe}le </i>[kɛ̝.ʑɛ̝´.lɛ̝]<i>;;
Lot (land);;inan;;;
Lot, group of people;;an;;Informal;
Lot, many;;adj;;Informal;
Louse;;an;te{ye} </i>[tɛ̝.jɛ̝´]<i>;;
Love;;verb;{e}pese </i>[ɛ̝´.pɛ̝.sɛ̝]<i>;;
Lover;;an;don{ze} </i>[do̞n.zɛ̝´]<i>;;
Low;;adj;jo{zam} </i>[dʑo̞.zäm´]<i>;;
Lower;;verb;tin{pum} </i>[tin.pum´]<i>;;
Lynel;;an;;;hy
Machine;;inan;kesi </i>[kɛ̝.si]<i>;;
Mad, angry;;adj;de{zi} </i>[dɛ̝.zi´]<i>;;s
Magic;;inan;ye{pe}de{su} </i>[jɛ̝.pɛ̝´.dɛ̝.su´]<i>;;
Magma;;inan;nu{wun}zam{fong}wojo{we} </i>[nu.wun´.zäm.fo̞ŋ´.wo̞.dʑo̞.wɛ̝´]<i>;;
Mail;;verb;;;
Mail, letter;;inan;{kye}zu{pe} </i>[kjɛ̝´.zu.pɛ̝´]<i>;;
Maintain;;verb;du{tekye} </i>[du.tɛ̝´.kjɛ̝´]<i>;;
Maintenance;;inan;du{tekye}fo{nu} </i>[du.tɛ̝´.kjɛ̝´.fo̞.nu´]<i>;;
Make;;verb;ja{be} </i>[dʑä.bɛ̝´]<i>;;
Make it, succeed;;verb;;;ahan
Makeup;;inan;pu{ko} </i>[pu.ko̞´]<i>;;
Man;;an;ana </i>[ä.nä]<i>;Used for nonkaneeds, borrowed from Loremese;
Manipulate;;verb;;;
Manual;;adj;su{to} </i>[su.to̞´]<i>;;
Manual, stickshift;;inan;su{su} </i>[su.su´]<i>;;ahan
Many;;adj;be{nun} </i>[bɛ̝.nun´]<i>;;
Marijuana, weed, cannabis, drug (soft);;inan;kaye{da} </i>[kä.jɛ̝.dä´]<i>;Has been genericized in modern baphia to be any soft drug, not including alcohol;
Mark, sign;;inan;;;
Mars;;inan;jan{ke}kya </i>[dʑäŋ.kɛ̝´.kjä]<i>;;
Marsh;;inan;;;
Mascara;;inan;;;
Masculanize;;verb;;;
Master;;verb;;;
Masturbate, jerk off;;verb;;;
Matkha;MADA;inan;ma{da}sa </i>[mä.dä´.sä]<i>;;
Matkha (People);MADA;an;ma{da} si </i>[mä.dä´ si]<i>;;
Meal;;inan;wafe{an} </i>[wä.fɛ̝.än´]<i>;Formal;
Mean;;verb;mo{ze} </i>[mo̞.zɛ̝´]<i>;;
Meat;;inan;din{te} </i>[din.tɛ̝´]<i>;;
Meet;;verb;juje </i>[dʑu.dʑɛ̝´]<i>;;
Megapolis, city;;inan;;;
Member (of group);;an;;;
Memory;;an;{e}tso </i>[ɛ̝´.tso̞]<i>;;
Mend;;verb;;;
Mental;;inan;mu{je}yan </i>[mu.dʑɛ̝´.jän]<i>;;
Mercury (planet);;inan;u{je} </i>[u.dʑɛ̝´]<i>;;
Merry Christmas;MARI KURISUMASE;;ma{li} ku{lisu}mase </i>[mä.li´ ku.li´.su´.mä.sɛ̝]<i>;;real
Merry, jolly, happy (for a holiday);;adj;jole{ke}da </i>[dʑo̞.lɛ̝.kɛ̝´.dä]<i>;;s
Merry, jolly, happy (for a holiday);MARI;adj;ma{li} </i>[mä.li´]<i>;;real
Message;;inan;{pe}teje </i>[pɛ̝´.tɛ̝.dʑɛ̝]<i>;;
Metal;;inan;ke{te} </i>[kɛ̝.tɛ̝´]<i>;;
Meteor, Comet;;inan;;;
Method, way (of doing something);;inan;le{ya}te </i>[lɛ̝.jä´.tɛ̝]<i>;;
Mevistan;BESIDAN;inan;be{si}dan{sa} </i>[bɛ̝.si´.dän.sä´]<i>;;
Mevistani (People);BESIDAN;an;be{si}dan si </i>[bɛ̝.si´.dän si]<i>;;
Microcontroller;;inan;;;
Microsleep;;verb;;;
Middle;;adj;;;
Might, may, have a possibilty of doing;;verb;;;
Militia, armed forces;;an;;;
Milk;;inan;;;
Minute;;inan;;;
Mirror;;inan;;;
Misunderstood;;adj;{na}pu </i>[nä´.pu]<i>;Borrowed from Jkawi;
Moblin;;an;;;hy
Model (person);;inan;somugunusi </i>[so̞.mu.gu.nu.si ]<i>;;
Model (type);;inan;{diinkang} </i>[di:n´.käŋ´]<i>;;
Moment (of time);;inan;;;
Money, capital;;inan;po{sang} </i>[po̞.säŋ´]<i>;;
Monoarchy;;inan;;;
Monster;;an;we{za} </i>[wɛ̝.zä´]<i>;;
Month;;inan;{ge} </i>[gɛ̝´]<i>;;
Mood, tone, vibe;;inan;;;
Moon worship;;inan;;;
Moon, Stellar body;;an;{ge} </i>[gɛ̝´]<i>;;
More;;;{i}to </i>[i´.to̞]<i>;;
Morning;;inan;;;
Moss;;an;;;
Mother;;an;ma{ca} </i>[mä.tɕä´]<i>;Used for nonkaneeds;
Mound (Big);;inan;;;
Mound (Small);;inan;;;
Mount;;verb;;;
Mountain;;inan;ze{po} </i>[zɛ̝.po̞´]<i>;;
Mountain love, sexual love;;verb;ze{poe}pese </i>[zɛ̝.po̞´.ɛ̝´.pɛ̝.sɛ̝]<i>;;
Mountain love, sexual love;;verb;ze{po}pese </i>[zɛ̝.po̞´.pɛ̝.sɛ̝]<i>;;ahan
Mouse;;an;he{le} </i>[hɛ̝.lɛ̝´]<i>;;
Mouth;;an;zu{ce} </i>[zu.tɕɛ̝´]<i>;;
Move;;verb;ju{se} </i>[dʑu.sɛ̝´]<i>;;
Mud;;inan;;;
Music;;inan;so{yando} </i>[so̞.jän´.do̞´]<i>;;
Mute, hush;;verb;;;
Name;;inan;yetu </i>[jɛ̝.tu]<i>;;
Nap;;verb;;;
Narrow;;adj;{la}ye </i>[lä´.jɛ̝]<i>;;
Naval;;adj;;;
Near;;adj;jo{tso} </i>[dʑo̞.tso̞´]<i>;;
Neck;;an;{e}sa </i>[ɛ̝´.sä]<i>;;
Need;;verb;{e}zan </i>[ɛ̝´.zän]<i>;;
Needle;;inan;to{de}gu </i>[to̞.dɛ̝´.gu]<i>;;
Neon (element);;inan;{i}zenge </i>[i´.zɛ̝ŋ.ɛ̝]<i>;;
Neon, very bright and saturated in colour;;adj;{i}zengze </i>[i´.zɛ̝ŋ.zɛ̝]<i>;;
Neptune; ;inan;be{weje} </i>[bɛ̝.wɛ̝´.dʑɛ̝´ ]<i>;;
Neutron;;inan;;;
New;;adj;jan{ge} </i>[dʑäŋ.gɛ̝´]<i>;;
Next, postvious;;adj;fo{dam}tin </i>[fo̞.däm´.tin]<i>;;
Nibble, pick at;;verb;;;
Night;;an;ko{she} </i>[ko̞.ɕɛ̝´]<i>;;
Night;;inan;;;
Nine;13;;{gu}ko </i>[gu´.ko̞]<i>;Seen in a more slang sense, saying “in ju” is more formal;
No, not;;;do{ku} </i>[do̞.ku´]<i>;Used as a general negation;
Nontemporal, “no matter”;;;;;
North;;inan;syo </i>[sjo̞]<i>;;
Northern Azkali;;inan;syoza{ka}li{sa} </i>[sjo̞.zä.kä´.li.sä´]<i>;;
Notch, dent;;inan;;;
Note;;inan;;;
Note;;verb;;;
Nothing;;adj;do{diin} </i>[do̞.di:n´]<i>;;
Now, right now;;adj;;;
Numb;;adj;mang{ke} </i>[mäŋ.kɛ̝´]<i>;;
Number;;inan;{e}ta </i>[ɛ̝´.tä]<i>;;
Nurture;;verb;;;
Object;;inan;no{she} </i>[no̞.ɕɛ̝´]<i>;;
Obsess;;verb;{ei}zeng </i>[ɛ̝´.i´.zɛ̝ŋ]<i>;;
Obvious, given;;adj;;;s
Occupy;;verb;;;
Ocean;;inan;po{ttu}ding{gu} </i>[po̞.t:u´.diŋ.gu´]<i>;;
Octorok;;an;;;hy
Offer;;verb;{wa} </i>[wä´]<i>;;
Office;;inan;;;
Oil (cooking);;inan;;;
Oil (fuel), petroleum;;inan;;;
Ok, alright;AHA;;a{ha} </i>[ä.hä´]<i>;;ahan
Old (person), elderly;;adj;{u}zhye </i>[u´.ʑjɛ̝]<i>;;
Old, classic;;adj;u{ma} </i>[u.mä´]<i>;;
Omen;;inan;guzu </i>[gu.zu]<i>;;
One;1;;in </i>[in]<i>;;
Onesie, babies clothes;;inan;pe{le}u{ya} </i>[pɛ̝.lɛ̝´.u.jä´]<i>;;
Only, sole, singular;;adj;in{wa} </i>[in.wä´]<i>;;
Open;;verb;be{he} </i>[bɛ̝.hɛ̝´]<i>;;
Operate;;verb;;;
Opposite;;adj;he{gee} </i>[hɛ̝.gɛ̝:´]<i>;;
Opress;;verb;;;
Or;DONUN;;do{nun} </i>[do̞.nun´]<i>;;
Orange (colour);;adj;she{shu} </i>[ɕɛ̝.ɕu´]<i>;;
Orange (fruit);;inan;;;
Orchid;;an;;;
Order;;inan;de{suba} </i>[dɛ̝.su´.bä´]<i>;;
Order;;inan;du{zo} </i>[du.zo̞´]<i>;;
Osteros;SODEZO;inan;so{de}zo{sa} </i>[so̞.dɛ̝´.zo̞.sä´]<i>;;
Osteros (People);SODEZO;an;so{de}zo si </i>[so̞.dɛ̝´.zo̞ si]<i>;;
Other;;adj;de{yun} </i>[dɛ̝.jun´]<i>;;
Other;;inan;de{yun} </i>[dɛ̝.jun´]<i>;;
Out;;adj;ke{yen} </i>[kɛ̝.jɛ̝n´]<i>;;
Owe;;verb;;;
Package;;inan;;;
Package, wrap;;verb;;;
Page, paper;;inan;;;
Pain;;inan;dizhu </i>[di.ʑu]<i>;;
Pajamas;;inan;u{ya}muko{she} </i>[u.jä´.mu.ko̞.ɕɛ̝´]<i>;;
Pale;;adj;{mon}yang </i>[mo̞n´.jäŋ]<i>;Borrowed from Jkawi;
Pale;;adj;{mon}yang </i>[mo̞n´.jäŋ]<i>;Borrowed from Jkawi;
Pants, trousers, bottoms;;inan;;;
Paper;;inan;zu{pe}we </i>[zu.pɛ̝´.wɛ̝]<i>;;
Parent;;an;{te} </i>[tɛ̝´]<i>;;
Park;;inan;;;
Part;;inan;{i}zzo </i>[i´.z:o̞]<i>;;
Part of;;adj;{i}zzo </i>[i´.z:o̞]<i>;;
Particle;;inan;se{zhu}zam{fong} </i>[sɛ̝.ʑu´.zäm.fo̞ŋ´]<i>;;
Party;;inan;;;
Party;;inan;;;ahan
Pass;;verb;ke{pum} </i>[kɛ̝.pum´]<i>;;
Passage;;inan;bu{wo} </i>[bu.wo´]<i>;;
Passage of time, delimitaive, continuative;;inan;{ke}ju </i>[kɛ̝´.dʑu]<i>;;
Past;;noun;{po}ta </i>[po̞´.tä]<i>;Borrowed from Jkawi;
Past;;inan;se{de}ye </i>[sɛ̝.dɛ̝´.jɛ̝]<i>;;
Path;;inan;lo{ye}te </i>[lo̞.jɛ̝´.tɛ̝]<i>;;
Path, street;;inan;lo{yi} </i>[lo̞.ji´]<i>;;
Patient;;an;;;
Pause;;verb;;;
Pawn (Chess);;inan;ma{hoto}la </i>[mä.ho̞´.to´.lä]<i>;;
Pay;;verb;powo{zang} </i>[po̞.wo̞.zäŋ´]<i>;;
Peace;;adj;zho{pe} </i>[ʑo̞.pɛ̝´]<i>;;
Peak (of a mountain);;inan;;;
Pebblit;;inan;;;hy
Peninsula;;inan;;;
Penis (formal);;an;;;
Penis (informal), dick;;inan;{dezum} </i>[dɛ̝´.zum´]<i>;;
Penis (vulgar), dick, cock;;inan;de{kye} </i>[dɛ̝.kjɛ̝´]<i>;;
People, group of people, Kind of people;;an;;;
Pepper (vegetable);;an;;;
Peppercorn, pepper (seasoning);;an;;;
Perch;;verb;;;
Period (of time);;inan;{ke}da </i>[kɛ̝´.dä]<i>;;
Perk, bonus, “plus”;;inan;bbi{ba} </i>[bbi.bä´]<i>;;
Persist; ;verb;an{ce} </i>[än.tɕɛ̝´]<i>;;
Person;;an;;More formal than <ukilen></ukilen>;
Pet bowl;;inan;;;
Petition;;verb;;;
Photo;;inan;;;
Pick-me-up, counterbeer;;inan;;;
Pick, choose;;;;;
Pickaxe;;inan;ze{popa}te </i>[zɛ̝.po̞´.pä´.tɛ̝]<i>;;
Pickaxe;;inan;ze{popa}te </i>[zɛ̝.po̞´.pä´.tɛ̝]<i>;;
Pig;;an;su{ha} </i>[su.hä´]<i>;Borrowed from Oikan;
Pilot (mech);PECE;an;pece </i>[pɛ̝.tɕɛ̝]<i>;Used exclusively in mech shows;
Pilot (show);;inan;{e}ko{be} </i>[ɛ̝´.ko̞.bɛ̝´]<i>;;
Pilot (vehicle, aircraft);;an;pe{ce}ce </i>[pɛ̝.tɕɛ̝´.tɕɛ̝]<i>;;
Pink;;adj;coke </i>[tɕo̞.kɛ̝]<i>;;
Piss, urine (vulgar);;an;;;
Pity;;verb;;;
Pizza;OTIKAMA;inan;oti{ka}ma </i>[o̞.ti.kä´.mä]<i>;Of Azkali origin, history of the dish is very contentious;
Pizza;;inan;sokusu{lang} </i>[so̞.ku.su.läŋ´]<i>;Of Baphian origin, history of the dish is very contentious;
Place;;inan;o{kam} </i>[o̞.käm´]<i>;;
Plague;;inan;;;
Plane, field;;inan;tin{fong} </i>[tin.fo̞ŋ´]<i>;;
Plant;;an;di{de} </i>[di.dɛ̝´]<i>;;
Plant for bugs, inedible plants classifier, bug (archaic);;inan;{sye}yun </i>[sjɛ̝´.jun]<i>;;
Plastic;;inan;;;
Plastic;;inan;;;ahan
Plastic;;inan;;;
Plate;;inan;;;
Plateau;;inan;;;
Play;;verb;o{yu}no </i>[o̞.ju´.no̞]<i>;;
Play (instrument, music, song);;verb;;;
Plaza, market;;inan;;;
Pleasant, sweet, nice;;adj;;;
Plural marker;;;{we} </i>[wɛ̝´]<i>;;
Pocket (clothes);;inan;;;
Podcast;;inan;;;
Poe;;inan;;;hy
Point (of something);;inan;;;
Point, end, peak (of a mountain);;inan;;;
Poison;;verb;;;
Political;;adj;;;
Politics;;inan;;;
Pond bird, duck, swan;;an;fe{de} </i>[fɛ̝.dɛ̝´]<i>;;
Poop (Formal), feces;;inan;;;
Poop (Informal);;inan;;;
Pop off, go off;;verb;donge </i>[do̞n.gɛ̝]<i>;;ahan
Popular, famous;;adj;ko{wa}be{nun} </i>[ko̞.wä´.bɛ̝.nun´]<i>;;
Pork;;inan;;;
Port;;inan;zon{dyi} </i>[zo̞n.dji´]<i>;;
Port (Computer);;inan;{zon} </i>[zo̞n´]<i>;;
Positron;;inan;;;
Postpone;;verb;;;
Potential;;inan;sjɛ̝ </i>[sjɛ̝]<i>;;
Poultry, chicken (meat);;inan;;;
Pour;;verb;;;
Power;;inan;kaa </i>[kä:]<i>;Treveist;
Power;;an;o{wa}ke </i>[o̞.wä´.kɛ̝]<i>;;
Power;;an;o{we} </i>[o̞.wɛ̝´]<i>;;
Predict;;verb;;;
Prepare;;verb;{basye} </i>[bä´.sjɛ̝´]<i>;;
President;;an;;Only used for democratically elected presidents;
President (company);;an;;;
Press;;verb;;;
Previous;;adj;ka{le}tin </i>[kä.lɛ̝´.tin]<i>;;
Priest (Saulist);;an;{sa}lu{ko} </i>[sä´.lu.ko̞´]<i>;Borrowed from Loremese;
Priest (Shidamist);;an;;;
Prince;;an;;;
Princess;;an;;;
Principalities (angel);;an;;;
Problem, dilemma;;inan;ke{yo}pu{lu} </i>[kɛ̝.jo̞´.pu.lu´]<i>;;
Produce;;verb;in{za} </i>[in.zä´]<i>;;
Product, item for sale;;inan;po{badiin} </i>[po̞.bä´.di:n´]<i>;;s
Production;;inan;in{za}fo{nu} </i>[in.zä´.fo̞.nu´]<i>;;
Program, regimen;;inan;;;
Project;;inan;;;
Prophesize;;verb;;;
Proton;;inan;;;
Provide, give;;verb;{ba} </i>[bä´]<i>;;
Province;;inan;;;
Proxy;;verb;;;
Proxy-rule;;verb;;;
Public;;adj;;;
Publish;;verb;;;
Pull;;verb;{da}de </i>[dä´.dɛ̝]<i>;;
Purple;;adj;;;
Push;;verb;{bi}te </i>[bi´.tɛ̝]<i>;;
Push huge rocks down onto enemies;;verb;{bi}wo{zang} </i>[bi´.wo̞.zäŋ´]<i>;;
Put asleep, knocked out;;verb;;;
Put down;;verb;{a}te </i>[ä´.tɛ̝]<i>;;
Pylon, tower;;inan;;;
Quark;;inan;;;
Queen (Chess);;inan;o{lizya}ni </i>[o̞.li´.zjä´.ni]<i>;;
Question;;inan;u{sya} </i>[u.sjä´]<i>;;
Quick, fast;;verb;ge </i>[gɛ̝]<i>;;
Rabbit;;an;la{wa} </i>[lä.wä´]<i>;;
Race;;verb;;;
Rail, track;;inan;;;
Railway;;inan;;;
Rain;;verb;ja{mu} </i>[dʑä.mu´]<i>;;
Rainbow;;an;ye{zum} </i>[jɛ̝.zum´]<i>;;
Raise (pay);;verb;{sangfe} </i>[säŋ´.fɛ̝´]<i>;;
Raise (up);;verb;{e}ze{pum} </i>[ɛ̝´.zɛ̝.pum´]<i>;;
Ranch;;inan;sepe </i>[sɛ̝.pɛ̝´]<i>;;
Rank (of army, game);;inan;yu{pe} </i>[ju.pɛ̝´]<i>;;
Rare;;adj;ke{yo} </i>[kɛ̝.jo̞´]<i>;;
Rare;;adj;ke{yo}de </i>[kɛ̝.jo̞´.dɛ̝]<i>;;
Rat;;an;he{le}tu </i>[hɛ̝.lɛ̝´.tu]<i>;;
Reach (for);;verb;je{pum} </i>[dʑɛ̝.pum´]<i>;;
Reach an objective, reach a place;;verb;zo{de}zhono </i>[zo̞.dɛ̝:´.ʑo̞.no̞]<i>;;
Read;;verb;u{sye}ke </i>[u.sjɛ̝´.kɛ̝]<i>;;
Real;;adj;;;
Realize, understand;;verb;;;
Reason;;verb;so{we} </i>[so̞.wɛ̝´]<i>;;
Reason, motive;;inan;{ba}tso </i>[bä´.tso]<i>;;
Receive, get;;verb;si{de}du </i>[si.dɛ̝´.du]<i>;;
Recieve;;verb;;;
Record;;inan;ɕä´.kɛ̝ </i>[ɕä´.kɛ̝]<i>;;
Record;;verb;{sha}ke </i>[ɕä´.kɛ̝]<i>;;
Recover;;verb;;;
Red;;adj;co{shu} </i>[tɕo̞.ɕu´]<i>;;
Redden, baphianize;IKIZI;verb;iki{zi} </i>[i.ki.zi´]<i>;Usually derogatory, borrowed from Tithri;ahan
Redden, baphianize;;verb;co{shuwa} </i>[tɕo̞.ɕu´.wä´]<i>;;
Redead;;inan;;;hy
Reed, Grass;;an;za{sye} </i>[zä.sjɛ̝´]<i>;;
Reference;;noun;;;
Reference;;noun;;;
Reflect (light);;verb;;;
Refund;;verb;;;
Region, area;;inan;;;
Regulate;;verb;;;
Rejoice;;verb;;;
Relax;;verb;;;
Relay;;verb;;;
Remain;;verb;zhu{le} </i>[ʑu.lɛ̝´]<i>;;
Remember;;verb;yu{tin} </i>[ju.tin´]<i>;;
Remove, delete;;verb;;;
Renew;;verb;;;
Rent;;verb;;;
Repair;;verb;;;
Report;;verb;yu{ba} </i>[ju.bä´]<i>;;
Represent (legally);;verb;;;
Represent (politically);;verb;;;
Republic;;inan;;;
Require;;verb;{tsi}pe </i>[tsi´.pɛ̝]<i>;;
Research;;verb;;;
Respond;;verb;fo{ye}tu </i>[fo̞.jɛ̝´.tu]<i>;;
Rest;;verb;;;
Restore;;verb;;;
Result;;inan;{e}zhu </i>[ɛ̝´.ʑu]<i>;;
Revolt;;verb;;;
Ride;;verb;{e}ze{pwi} </i>[ɛ̝´.zɛ̝.pwi´]<i>;;
Ride on horseback;;verb;;;
Rider, jockey;;an;{e}zesi </i>[ɛ̝´.zɛ̝.si]<i>;;
Right (direction);;inan;{tsi}nuu </i>[tsi´.nu:]<i>;;
Ripen;;verb;;;
Rito;;an;;;hy
River;;an;{ju}ga </i>[dʑu´.gä]<i>;;
Road;;inan;de{kye} </i>[dɛ̝.kjɛ̝´]<i>;;
Roast;;verb;;;
Rod (metal), blade (unattached);;inan;;;
Romance;;verb;{e}pein </i>[ɛ̝´.pɛ̝.in]<i>;;
Romance, romantic;;an;{e}pejan </i>[ɛ̝´.pɛ̝.dʑän]<i>;;
Roof;;inan;{o}deyu </i>[o̞´.dɛ̝.ju]<i>;;
Roof;;inan;{o}ti </i>[o̞´.ti]<i>;;
Rook (Chess);;inan;di{li}zo </i>[di.li´.zo̞]<i>;;
Room;;inan;he{de} </i>[hɛ̝.dɛ̝´]<i>;;
Root;;an;ko </i>[ko̞]<i>;;
Rope;;inan;la{ye} </i>[lä.jɛ̝´]<i>;;
Rose;;an;;;
Rosiastan;LOSIJA;inan;lo{si}ya{sa}sa </i>[lo̞.si´.jä.sä´.sä]<i>;;
Rosiastani (Language);LOSIJA;inan;lo{si}ya{sa} {di}ye </i>[lo̞.si´.jä.sä´ di´.jɛ̝]<i>;;
Rosiastani (People);LOSIJA;an;lo{si}ya{sa} si </i>[lo̞.si´.jä.sä´ si]<i>;;
Rostav;ZOWA;inan;{zo}wasa </i>[zo̞´.wä.sä]<i>;;
Rostav (People);ZOWA;an;{zo}wa si </i>[zo̞´.wä si]<i>;;
Rot;;verb;so{de}in </i>[so̞.dɛ̝´.in]<i>;;
Rotten;;adj;so{de} </i>[so̞.dɛ̝´]<i>;;
Round;;adj;{go}yo </i>[go̞´.jo̞]<i>;;
Royalty, king, queen;;inan;lun{ling} </i>[lun.liŋ´]<i>;;
Rub;;verb;mun{she}yu </i>[mun.ɕɛ̝´.ju]<i>;;
Ruin;;verb;;;
Ruin, destroyed building, burning building;;inan;;;
Rule, lead;;verb;;;
Rumour;;inan;;;
Rumour;;verb;;;
Rumourmonger, chismosa;;an;;;
Run;;verb;{e}she </i>[ɛ̝´.ɕɛ̝]<i>;;
Sad;;adj;e{she} </i>[ɛ̝.ɕɛ̝´]<i>;;
Salt;;inan;to{ze} </i>[to̞.zɛ̝´]<i>;;
Same;;adj;de{su} </i>[dɛ̝.su´]<i>;;
Sand;;inan;li{she} </i>[li.ɕɛ̝´]<i>;;
Sanguine, blood (formal);;an;jo{we} </i>[dʑo̞.wɛ̝´]<i>;;
Satisfy;;verb;;;
Saturn;;inan;{sang} </i>[säŋ´]<i>;;
Saute;;verb;;;
Savour;;verb;;;
Say, talk, speak;;verb;e{ye}tu </i>[ɛ̝.jɛ̝´.tu]<i>;;
Scales;;inan;{su}pi </i>[su´.pi]<i>;Borrowed from Jkawi. Usually used by non-kalis or jkawi in refrence to scales;
Scarab;;an;{hu}fu </i>[hu´.fu]<i>;Borrowed from Jkawi;
Scare;;verb;posum{po} </i>[po̞.sum.po̞´]<i>;;
School;;inan;;;
Scorpion;;an;du{sa} </i>[du.sä´]<i>;;
Scout, survey;;verb;;;
Scratch;;verb;{i}ge </i>[i´.gɛ̝]<i>;;
Script, Character;;inan;{i}ge </i>[i´.gɛ̝]<i>;;
Scrub;;an;;;hy
Sea;;an;din{gu} </i>[diŋ.gu´]<i>;;
Seal;;inan;te{de}to </i>[tɛ̝.dɛ̝´.to̞]<i>;;
Seal;;verb;te{de}to </i>[tɛ̝.dɛ̝´.to̞]<i>;;
Sear;;verb;;;
Season;;an;u{le} </i>[u.lɛ̝´]<i>;;
Season;;an;u{le}ye </i>[u.lɛ̝´.jɛ̝]<i>;;
Seat;;verb;;;
Seat, chair (formal);;inan;;;
Second (time);;inan;;;
Second person, 2nd person, you;;prn;e </i>[ɛ̝]<i>;;s
Second person, 2nd person, you;;prn;{tu} </i>[tu´]<i>;Borrowed from Loremese;religion
Secret;;inan;ke{so} </i>[kɛ̝.so̞´]<i>;;
Secure;;adj;;;
Secure;;verb;;;
See, examine;;verb;gu </i>[gu]<i>;;
Seed;;an;{ba} </i>[bä´]<i>;;
Seem;;verb;gu{we}je </i>[gu.wɛ̝´.dʑɛ̝ ]<i>;;
Seem (clothes);;inan;;;
Self-defence;;inan;;;
Self-harm, cut;;verb;;;
Self-harm, self-mutilation;;inan;;;
Selfemulation;;verb;;;
Sell;;verb;e{ko} </i>[ɛ̝.ko̞´]<i>;;
Semen (formal);;an;;;
Semen (informal);;an;;;
Send, submit, publish;;verb;pe{de} </i>[pɛ̝.dɛ̝´]<i>;;
Sentence;;inan;;;
Serve;;verb;ba{to} </i>[bä.to̞´]<i>;;
Service;;inan;;;
Service (industry);;inan;;;
Set;;verb;a{ta} </i>[ä.tä´]<i>;;
Settle;;verb;;;
Seven;11;;{daa} </i>[dä:´]<i>;Seen in a more slang sense, saying “in in” is more formal;
Sew;;verb;ji{de} </i>[dʑi.dɛ̝´]<i>;;
Sewage;;inan;;;
Sewer;;inan;;;
Sex, have sex, fuck;;verb;zing{ge}yo </i>[ziŋ.gɛ̝´.jo̞]<i>;;
Shape;;inan;sohe </i>[so̞.hɛ̝´]<i>;;
Share;;verb;;;
Shark;;an;ku{ze} </i>[ku.zɛ̝´]<i>;;
Sharp;;adj;{ce}to{ko} </i>[tɕɛ̝´.to̞.ko̞´]<i>;;
She, 3rd person feminine, ;;prn;{sa} </i>[sä´]<i>;Borrowed from Loremese;religion
She, 3rd person feminine, ;;prn;zo </i>[zo̞]<i>;;s
She, 3rd person feminine, ;;prn;zo </i>[zo̞]<i>;historical, only used when trying to specify gender in text;s
Shine, lit;;verb;;;
Shirt, top;;inan;;;
Shit, poop (vulgar);;inan;;;
Shock;;verb;;;
Shoot (a gun);;verb;donge </i>[do̞n.gɛ̝]<i>;;s
Shop;;inan;si{tokam} </i>[si.to´.käm´]<i>;;
Short;;adj;{sa}te </i>[sä´.tɛ̝]<i>;;
Should, ought to;;verb;;;
Show, present;;verb;ko{be}ze </i>[ko̞.bɛ̝´.zɛ̝]<i>;;
Shrimp;;an;;;
Sibling;;an;se{sshe} </i>[sɛ̝.ɕ:ɛ̝´]<i>;;
Sibling of a parent, aunt, uncle;;an;{o}pecim </i>[o̞´.pɛ̝.tɕim]<i>;;
Sick;;verb;{a}se </i>[ä´.sɛ̝]<i>;;
Side;;inan;in </i>[in]<i>;;
Side (math);;inan;;;
Side (with), agree;;verb;;;
Sign;;verb;;;
Sign, board;;inan;;;
Silver;;inan;{i}zengke{te} </i>[i´.zɛ̝ŋ.kɛ̝.tɛ̝´ ]<i>;;
Silver;;inan;kum{we} </i>[kum.wɛ̝´]<i>;;
Similar;;adj;;;
Simmer;;verb;;;
Simple;;adj;;;
Sing;;verb;lu{do} </i>[lu.do̞´]<i>;;
Sister;;an;sa{zo} </i>[sä.zo̞´]<i>;Used for nonkaneeds, borrowed from Loremese;
Sit;;verb;{pwi}she </i>[pwi´.ɕɛ̝]<i>;;
Situation, deal, cause;;inan;sa{se} </i>[sä.sɛ̝´]<i>;;
Six;6;;nu </i>[nu]<i>;;
Skill;;inan;mu{se} </i>[mu.sɛ̝´]<i>;;
Skin;;an;su{cen} </i>[su.tɕɛ̝n´]<i>;;
Skulltula;;an;;;hy
Sky;;an;o{do}ku </i>[o̞.do̞´.ku]<i>;Historical;
Sky;;an;o{do}ku </i>[o̞.do̞´.ku]<i>;;
Sleep;;verb;te{zhe} </i>[tɛ̝.ʑɛ̝´]<i>;;
Slide;;verb;yeju{se} </i>[jɛ̝.dʑu.sɛ̝´]<i>;;
Slide (slang), masturbate;;verb;yeju </i>[jɛ̝.dʑu]<i>;;
Slop;;inan;;;
Slop (bad);;inan;;;
Slop (good);;inan;;;
Slow;;adj;nu{se}de </i>[nu.sɛ̝´.dɛ̝]<i>;;
Slowcook;;verb;;;
Slut, whore, harlot, prostitute;;an;;;
Small, little;;adj;se{zhu} </i>[sɛ̝.ʑu´]<i>;;
Smart, intelligent;;adj;{ye}yim{nun} </i>[jɛ̝´.jim.nun´]<i>;;
Smell;;verb;jim{she} </i>[dʑim.ɕɛ̝´]<i>;;
Smell;;verb;jim{she} </i>[dʑim.ɕɛ̝´]<i>;Historical;
Smoke;;inan;du{be}no </i>[du.bɛ̝´.no̞]<i>;;
Smooth;;adj;{ca}to{ko} </i>[tɕä´.to̞.ko̞´]<i>;;
Snack;;verb;;;
Snack, small food, side dish;;inan;;;
Snail;;an;{wemsye} </i>[wɛ̝m´.sjɛ̝´]<i>;;
Snake;;an;{wem} </i>[wɛ̝m´]<i>;;
Snort;;verb;;;
Snout, nose;;an;{zi}le </i>[zi´.lɛ̝]<i>;;
Snow;;inan;{la}ze </i>[lä´.zɛ̝]<i>;;
So, therefore;;;de{suba}an </i>[dɛ̝.su´.bä´.an]<i>;;
Social;;adj;;;
Society;;inan;{belu}po </i>[bɛ̝´.lu´.po̞]<i>;;
Soldier;;an;;;
Sole (of foot);;an;;;
Solo (music artist);;an;in{wa} </i>[in.wä´]<i>;;
Some;;adj;zho{bi} </i>[ʑo̞.bi´]<i>;;
Song, track, music;;inan;so{yan} </i>[so̞.jän´]<i>;;
Soul;;an;ja{ga}n </i>[dʑä.gän´]<i>;;
Sound, Noise;;inan;so{yan} </i>[so̞.jän´]<i>;;
Soup, stew;;inan;;;
Sour;;adj;{su}la </i>[su´.lä]<i>;Borrowed from Jkawi;
South;;inan;ka </i>[kä]<i>;;
Sovereign;;verb;;;
Soy;;an;zu{we}ye </i>[zu.wɛ̝´.jɛ̝]<i>;;
Space, area;;inan;;;
Speak, say;;verb;e{ye} </i>[ɛ̝.jɛ̝´]<i>;;
Spear;;inan;du{san} </i>[du.sän´]<i>;;
Spend;;verb;powo </i>[po̞.wo̞]<i>;;
Spider;;an;se{pa} </i>[sɛ̝.pä´]<i>;;
Spine;;an;zo{pon} </i>[zo̞.po̞n´]<i>;;
Spirit, drive;;inan;{pu}ye </i>[pu´.jɛ̝]<i>;;
Spirit, ghost;;an;sha{he} </i>[ɕä.hɛ̝´]<i>;;
Spit;;verb;so{ko} </i>[so̞.ko̞´]<i>;;
Split;;verb;ke{sem} </i>[kɛ̝.sɛ̝m´]<i>;;
Sponsor;;verb;;;
Spoon;;inan;;;
Spring;;verb;;;
Spring (season);;an;de{ya} </i>[dɛ̝.jä´]<i>;;
Square, courtyard;;inan;;;
Squat;;verb;;;
Squeeze;;verb;se{te} </i>[sɛ̝.tɛ̝´]<i>;;
Stab;;verb;ze{ko}lo </i>[zɛ̝.ko̞´.lo̞]<i>;;
Stable, unvarying, steady;;adj;an{ceya} </i>[än.tɕɛ̝´.jä´]<i>;;
Stage;;inan;;;
Stained glass;;inan;li{she}de{ya} </i>[li.ɕɛ̝´.dɛ̝.jä´]<i>;;
Stake (wood);;inan;shebi </i>[ɕɛ̝´.bi]<i>;Borrowed from Jkawi;
Stalfos;;an;;;hy
Stalizalfos;;inan;;;hy
Stalk;;verb;;;s
Stalk (plant);;an;dizzo{yu} </i>[di.z:o̞.ju´]<i>;;
Stalker;;an;;;s
Stalkoblin;;inan;;;hy
Stall;;verb;;;
Stalmoblin;;inan;;;hy
Stampede;;verb;;;
Stan, obsess (informal);;verb;;;
Stand;;verb;zhu{we}te </i>[ʑu.wɛ̝´.tɛ̝]<i>;;
Star;;inan;no{ze} </i>[no̞.zɛ̝´]<i>;;
Stare;;verb;go{ze} </i>[go̞.ʑɛ̝´]<i>;;
Stare;;verb;;;
Start, begin;;verb;{e}zhe </i>[ɛ̝´.ʑɛ̝]<i>;;
Starve, fast;;verb;;Ahananism when used to mean fasting;
State (of being);;inan;;;
State, government body;;inan;;;
Station;ŹANI;inan;zha{ni} </i>[ʑä.ni´]<i>;Usually in reference to metro and train stations but can be used with bus stations as well;
Stay;;verb;{we}te </i>[wɛ̝´.tɛ̝]<i>;;
Steel;;inan;{ku}se </i>[ku´.sɛ̝]<i>;;
Step;;inan;ke{lum} </i>[kɛ̝.lum´]<i>;;
Stesa;SODESA;inan;sode{sa}sa </i>[so̞.dɛ̝.sä´.sä]<i>;;
Stesan (People);SODESA;an;sode{sa} si </i>[so̞.dɛ̝.sä´ si]<i>;;
Stew;;verb;;;
Stick, rod;;an;de{gu} </i>[dɛ̝.gu´]<i>;;
Stickshift, manual;;inan;;;
Still, not moving;;verb;ki{si} </i>[ki.su´]<i>;;
Stimulant;;inan;;;
Stimulate;;verb;;;
Stone, rock;;inan;wo{zang} </i>[wo̞.zäŋ´]<i>;;
Stoned, high;;adj;aye{da}yan </i>[kä.jɛ̝.dä´.yän]<i>;;
Stoner;;an;kaye{da}si </i>[kä.jɛ̝.dä´.si]<i>;;
Stop;;verb;je{pe} </i>[dʑɛ̝.pɛ̝´]<i>;;
Story, legend;;inan;{u}tee{je} </i>[u´.tɛ̝.ɛ̝.jɛ̝´]<i>;;
Straight;;adj;{so}do </i>[so̞´.do̞]<i>;;
Strange;;adj;ke{yo}de </i>[kɛ̝.jo̞´.dɛ̝]<i>;;
Strawberry;;an;;;s
Streak;;inan;;;
Strike;;verb;di{kang} </i>[di.käŋ´]<i>;;
String;;inan;kute </i>[ku.tɛ̝´]<i>;;
String;;inan;{tse} </i>[tsɛ̝´]<i>;;
Strong;;adj;;;
Stuck;;verb;;;
Student;;an;;;
Study;;verb;{ye}e{ke} </i>[jɛ̝´.ɛ̝.kɛ̝´]<i>;;
Stupid, dumb, foolish;;adj;{e}teto </i>[ɛ̝´.tɛ̝.to̞]<i>;;
Style (fashion);;inan;;;
Style, way (of doing something);;inan;;;
Stylish;;adj;;;
Submit, give up;;verb;;;
Subscribe;;verb;;;
Succeed;;verb;;;
Succubus, demon (feminine);;an;;;baph
Succubus, sex demon, sex vampire;;an;;;
Suck;;verb;he{zhe}fi </i>[hɛ̝.ʑɛ̝´.fi]<i>;;
Suffer;;verb;e{she} </i>[ɛ̝.ɕɛ̝´.]<i>;;
Suggest;;verb;{te}nu </i>[tɛ̝´.nu]<i>;;
Summer;;inan;da </i>[dä]<i>;;
Summon, call;;verb;;;
Sun worship;;inan;;;
Sun, Stellar body;;inan;ze{fang} </i>[zɛ̝.fäŋ´]<i>;;
Sunrise, morning light;;inan;;;
Sunteria;;inan;a{ke}ma{sa} </i>[ä.kɛ̝´.mä.sä´]<i>;;
Sunterian (Language;;inan;a{ke}ma {di}ye </i>[ä.kɛ̝´.mä di´.jɛ̝]<i>;;
Sunterian (People);;an;a{ke}ma si </i>[ä.kɛ̝´.mä si]<i>;;
Superconduct;;inan;;;
Superconductor;;inan;;;
Sure, certain;;adj;;;
Survey;;inan;;;
Suspicious, be suspicious;;verb;{so}gudo </i>[so̞´.gu.do̞]<i>;;
Swamp;;inan;;;
Sweat;;inan;;;
Sweat;;verb;;;
Sweet (taste);;adj;;;
Swell;;verb;sho{she} </i>[ɕo̞.ɕɛ̝´]<i>;;
Swim;;verb;{zang} </i>[zäŋ´]<i>;;
Sympathy;;inan;she{zo}zi </i>[ɕɛ̝.zo̞´.zi]<i>;;
System (technology);;inan;;;
System, structure of doing something;;inan;;;
Table;;inan;{an}ka </i>[än´.ka]<i>;Unknown origin;
Tail;;an;ko{se} </i>[ko̞.sɛ̝´]<i>;;
Tailor;;verb;;;
Take;;verb;e{ke}te </i>[ɛ̝.kɛ̝´.tɛ̝]<i>;;
Talus;;inan;;;hy
Tan;;verb;;;
Tap;;verb;;;
Target;;inan;be{kam} </i>[bɛ̝.käm´]<i>;;
Taste;;verb;;;
Tattoo;;inan;su{zun} </i>[su.zun´]<i>;;ahan
Tattoo;;inan;su{zun} </i>[su.zun´]<i>;;
Tea;;inan;;;
Tea leaf;;an;;;
Tea puck;;inan;;;
Teach;;verb;;;
Teacher;;an;;;
Team, group;;an;;;
Teardrop;;an;ta{ge} </i>[tä.gɛ̝´]<i>;;
Teardrop;;inan;;;
Tectonic;;inan;;;
Tell truths;;verb;esan{ce} </i>[ɛ̝.sän.tɕɛ̝´]<i>;;s
Tell, say (to);;verb;e{yeca} </i>[ɛ̝.jɛ̝´.tɕä´]<i>;;
Temple gateway;;inan;;;
Ten;14;;na{zhe} </i>[nä.ʑɛ̝´]<i>;Seen in a more slang sense, saying “in inje” is more formal;
Tendon;;an;{se} </i>[sɛ̝´]<i>;;
Test;;verb;zedun{te} </i>[zɛ̝.dun.tɛ̝´]<i>;;
Thank;;verb;tonkomse </i>[to̞ŋ.ko̞m´.sɛ̝]<i>;;
The day after tomorrow;;inan;;;
The day before yesterday;;inan;;;
The legend of zelda (game);HAILUNA;inan;ha{i}lu{ling}ena </i>[hä.i´.lu.liŋ´.ɛ̝.na]<i>;;real
Theatre;;inan;;;
Therefor;ATEDO;;ate{do} </i>[ä.tɛ̝.do´]<i>;Borrowed from Loremese, usually seen in Saulist text translations, and sometimes in scientific texts. Usually at the end of the sentence.;religion
They (plural), 3rd person plural;;prn;sho{we} </i>[ɕo̞.wɛ̝´]<i>;;s
They (plural), 3rd person plural;;prn;sho{we} </i>[ɕo̞.wɛ̝´]<i>;historical, only used when trying to specify gender in text;s
They (plural), 3rd person plural;;prn;{sa} </i>[säs´]<i>;Borrowed from Loremese;religion
They (singular), 3rd person;;prn;sho </i>[ɕo̞]<i>;;s
They (singular), 3rd person;;prn;sho </i>[ɕo̞]<i>;historical, only used when trying to specify gender in text;s
They (singular), 3rd person;;prn;{sa} </i>[sä´]<i>;Borrowed from Loremese;religion
Thick;;adj;se{bbi} </i>[sɛ̝.b:i´]<i>;;
Thin;;adj;ye{cce} </i>[jɛ̝.tɕ:ɛ̝´]<i>;;
Thing;ŽI;inan;{zhi} </i>[ʑi´]<i>;More formal. Borrowed from Loremese;
Thing, object;;inan;{diin} </i>[di:n´]<i>;;s
Think;;verb;pu{lu} </i>[pu.lu´]<i>;;
Three;3;;ju </i>[dʑu]<i>;;
Throne;;inan;;;
Throw;;verb;don{she} </i>[do̞n.ɕɛ̝´]<i>;;
Throw out (usually rubbish);;verb;don{ze} </i>[do̞n.zɛ̝´]<i>;;
Throw out of a window;;verb;donli{she}de </i>[do̞n.li.ɕɛ̝´.dɛ̝]<i>;;
Thumb;;an;;;
Tide;;an;;;
Tide pool;;inan;;;
Tie (up);;verb;mo{te} </i>[mo̞.tɛ̝´]<i>;;
Tight;;adj;;;
Time (concept);;inan;e{ke} </i>[ɛ̝.kɛ̝´]<i>;The concept of time itself, not a specific instance;
Tip;;verb;;;
Tisane;;inan;;;
Tithe;;verb;;;
Today;;inan;;;
Tomato;;an;;;s
Tomorrow;;inan;;;
Tone (music);;inan;;;
Tongue;;an;{e}tse </i>[ɛ̝´.tsɛ̝]<i>;;
Tooth;;an;fun{long} </i>[fun.lo̞ŋ´]<i>;;
Top (sexual);;an;fosi </i>[fo̞.si]<i>;;
Topic;;inan;e{ye}ju{kang} </i>[ɛ̝.jɛ̝´.dʑu.käŋ´]<i>;;
Torture;;verb;{pu}lu </i>[pu´.lu]<i>;;
Touch;;verb;{ju} </i>[dʑu´]<i>;;
Tova;DOWA;inan;do{wa} {di}ye </i>[do̞.wä´ di´.jɛ̝]<i>;;
Toward, dative marker;;verb;le{ya} </i>[lɛ̝.jä´]<i>;;
Tower;;inan;ma{tse} </i>[mä.tsɛ̝´]<i>;;
Transcend;;verb;;;
Transcribe;;verb;;;
Transfer;;verb;{eje} </i>[ɛ̝´.dʑɛ̝´]<i>;;
Transformation;;inan;se{wa}fo{nu} </i>[sɛ̝.wä´.fo̞.nu´]<i>;;
Translate;;verb;e{ye}de{ke} </i>[ɛ̝.jɛ̝´.dɛ̝.kɛ̝´]<i>;;
Translator;;an;e{ye}de{ke}si </i>[ɛ̝.jɛ̝´.dɛ̝.kɛ̝´.si]<i>;;
Transmit;;verb;;;
Traule;LALULE;inan;la{lu}le{sa} </i>[lä.lu´.lɛ̝.sä´]<i>;;
Traulian (Language);LALULE;inan;la{lu}le {di}ye </i>[lä.lu´.lɛ̝ di´.jɛ̝]<i>;;
Traulian (People);LALULE;an;la{lu}le si </i>[lä.lu´.lɛ̝ si]<i>;;
Travel;;verb;;;
Travel (far), journey;;verb;;;
Tree;;an;{i}tsa </i>[i´.tsä]<i>;;
Tree sap;;an;;;
Trench;;inan;po{ttu}ko </i>[po̞.t:u´.ko̞]<i>;;
Trim;;verb;;;
Trip, journey;;inan;ledeke{yen} </i>[lɛ̝.dɛ̝.kɛ̝.jɛ̝n´]<i>;A partial Jkawi borrowing. ;
Trot;;verb;;;
Truth;;inan;san{ce} </i>[sän.tɕɛ̝´]<i>;;s
Try;;verb;ze{fya} </i>[zɛ̝.fjä´]<i>;;
Tulip;;an;;;
Turn (around);;verb;{go}zhe </i>[go̞´.ʑɛ̝]<i>;;
Turn (over);;verb;{do}te </i>[do̞´.tɛ̝]<i>;;
Turret;;inan;;;s
Twelve;16;;si{wi} </i>[si.wi´]<i>;Seen in a more slang sense, saying “in nu” is more formal;
Twin;;inan;cese </i>[tɕɛ̝.sɛ̝]<i>;;
Two;2;;ce </i>[tɕɛ̝]<i>;;
Type, genre;;inan;ju{kang} </i>[dʑu.käŋ´]<i>;;
Tyrosia;DAILOŚIJA;inan;da{i}lo{shi}ya{sa} </i>[dä.i´.lo̞.ɕi´.jä.sä´]<i>;;
Tyrosian (Language);DAILOŚIJA;inan;da{i}lo{shi}ya {di}ye </i>[dä.i´.lo̞.ɕi´.jä di´.jɛ̝]<i>;;
Tyrosian (People);DAILOŚIJA;an;da{i}lo{shi}ya si </i>[dä.i´.lo̞.ɕi´.jä si]<i>;;
Ukilen;;inan;{u}jelin </i>[u´.dʑɛ̝.lin]<i>;;
Under;;adj;nu{wun} </i>[nu.wun´]<i>;;
Understand;;verb;{ye}tu </i>[jɛ̝´.tu]<i>;;
Unequal;;verb;de{du} </i>[dɛ̝.du´]<i>;;
Unify;;verb;insa{se} </i>[in.sä.sɛ̝´]<i>;;
Union;1;inan;inpe{ta} </i>[in.pɛ̝.tä´]<i>;Specifically for countries;
Union;;inan;insa{se}zhu </i>[in.sä.sɛ̝´.ʑu]<i>;For anything not a country;
Union (Country);;inan;la{pe}tan{sa} </i>[lä.pɛ̝´.tän.sä´]<i>;;
Union resident;;an;la{pe}tan si </i>[lä.pɛ̝´.tän si]<i>;;
United States of America;ŹESUSU;inan;{jesa}suzam{fong} </i>[dʑɛ̝´.sä´.su.zäm.fo̞ŋ´]<i>;;real
Unknown;;adj;{she}ne </i>[ɕɛ̝´.nɛ̝]<i>;Borrowed from Jkawi;
Unlearn;;verb;;;
Unless;;;;;s
Unless;;;;;ahan
Up;;adj;li </i>[li]<i>;Borrowed from Jkawi;
Up;;adj;{we} </i>[wɛ̝´]<i>;;
Uranus;;inan;e{ken} </i>[ɛ̝.kɛ̝n´]<i>;;
Urine (formal);;an;;;
Urine (informal), pee, wee;;an;;;
Use;;verb;{i}sheke </i>[i´.ɕɛ̝.kɛ̝]<i>;;
Usurp, coup de tat;;verb;;;
Uterus;;an;;;
Vaccinate;;verb;;;
Vaccine;;inan;;;
Vagina;;an;;;
Valley;;inan;;;
Vampire, blood eater;;inan;jo{we}si{we}si </i>[dʑo̞.wɛ̝´.si.wɛ̝´.si]<i>;;
Vehicle;;inan;pe{ce} </i>[pɛ̝.tɕɛ̝´]<i>;;
Venison;;inan;;;
Venus;;inan;su{ko} </i>[su.ko̞´]<i>;;
Vesta;;an;u{wa}de{je} </i>[u.wä´.dɛ̝.dʑɛ̝´]<i>;;
Village, town;;inan;{be}we </i>[bɛ̝´.wɛ̝]<i>;;
Virgin;;an;;;
Vital;;adj;so{ko} </i>[so̞.ko̞´]<i>;;
Vomit;;verb;wu{te} </i>[wu.tɛ̝´]<i>;;
Wait;;verb;ku{de} </i>[ku.dɛ̝´]<i>;;
Wake up;;verb;{fye} </i>[fjɛ̝´]<i>;;
Wake up;;verb;te{zefang} </i>[tɛ̝.ʑɛ̝´.fäŋ´]<i>;;
Walk;;verb;{e}ze </i>[ɛ̝´.zɛ̝]<i>;;
Wall;;inan;zam{ko} </i>[zäm.ko̞´]<i>;;
Want;;verb;la{fa} </i>[lä.fä´]<i>;;
War;;inan;;;
Warm;;adj;ju{kyu} </i>[dʑu.kju´]<i>;;
Warrior;;an;;;
Wash;;verb;ju </i>[dʑu]<i>;;
Watch, observe, survey, monitor;;verb;gu{gu} </i>[gu.gu´]<i>;;
Water;;an;mu{pe}we </i>[mu.pɛ̝´.wɛ̝]<i>;;
Water feature;;inan;mu{pefong} </i>[mu.pɛ̝´.fo̞ŋ´]<i>;;
Way;;inan;le{ya} </i>[lɛ̝.jä´]<i>;;
We;;prn;e{we} </i>[e.wɛ̝´]<i>;;s
We;;prn;{no}su </i>[no̞´.su]<i>;Borrowed from Loremese;religion
Weak;;adj;tu{wa} </i>[tu.wä´]<i>;;
Weave;;verb;ku{te}pu </i>[ku.tɛ̝´.pu]<i>;;
Weed, cannabis;;an;;;ahan
Week;;inan;nu{de}ke </i>[nu.dɛ̝´.kɛ̝]<i>;Baphian calendar week, not commonly used for a 7 day week;
Weight;;inan;;;
Well-made;;adj;{gi}shun </i>[gi´.ɕun]<i>;Borrowed from Jkawi;
West;;inan;dan </i>[dän]<i>;;
Wet;;adj;ye{fe} </i>[jɛ̝.fɛ̝´]<i>;;
What;;;ne </i>[nɛ̝]<i>;;
Wheel;;inan;fe{ce} </i>[fɛ̝.tɕɛ̝´]<i>;;
When;;;ne{ke} </i>[nɛ̝.kɛ̝´]<i>;;
Where;;;no{kam} </i>[no̞.käm´]<i>;;
Whisper, say quietly;;verb;;;
White;;adj;{i}zenke </i>[i´.zɛ̝ŋ.kɛ̝]<i>;;
Who;;;no{si} </i>[no̞.si´]<i>;;
Why;;;no{se} </i>[no̞.sɛ̝´]<i>;;
Wide, big;;adj;{no}da </i>[no̞´.dä]<i>;;
Wig;;inan;be{seye} </i>[bɛ̝.sɛ̝´.jɛ̝´]<i>;;
Will;;verb;;;
Win;;verb;zodee </i>[zo̞.dɛ̝:´]<i>;;
Wind;;an;{sa}zhe </i>[sä´.ʑɛ̝]<i>;;
Winding, not straight, squiggly;;adj;;;
Window;;inan;li{ya} </i>[li.jä´]<i>;;
Wine;;inan;;;
Wing;;an;de{ge} </i>[dɛ̝.gɛ̝´]<i>;;
Winter;;inan;zu </i>[zu]<i>;;
Wipe;;verb;da{de} </i>[dä.dɛ̝´]<i>;;
Wire;;inan;be{je} </i>[bɛ̝.dʑɛ̝´]<i>;;
With (instrumental);;;tete </i>[tɛ̝.tɛ̝]<i>;;
Withdraw (drug), be nauseous;;verb;;;
Without;;;tete{ku} </i>[tɛ̝.tɛ̝.ku´]<i>;;s
Witness;;verb;;;
Witty;;adj;mu{mu}ki </i>[mu.mu´.ki]<i>;Borrowed from Jkawi. Negative;
Wizzrobe;;an;;;hy
Wobble;;verb;;;
Woman;;an;zana </i>[zä.nä]<i>;Used for nonkaneeds, borrowed from Loremese;
Word;;inan;;;
Work;;verb;we{zhe}he </i>[wɛ̝.ʑɛ̝´.hɛ̝]<i>;;
Work, book (formal);;inan;;;
Worker;;an;{e}sye </i>[ɛ̝´.sjɛ̝]<i>;;
Worker;;an;we{zhe}hesi </i>[wɛ̝.ʑɛ̝´.hɛ̝.si]<i>;;
World;;inan;{je} </i>[dʑɛ̝´]<i>;;
Worm;;an;tu{te} </i>[tu.tɛ̝´]<i>;;
Worship;;verb;;;
Wound;;inan;;;
Wrapping;;inan;ze{tem} </i>[zɛ̝.tɛ̝m´]<i>;;
Write;;verb;{je} </i>[dʑɛ̝´]<i>;;
Writer;;an;{je}si </i>[dʑɛ̝´.si]<i>;;
Xjetjeng;JETEÑ;inan;ye{teng}sa </i>[jɛ̝.tɛ̝ŋ´.sä]<i>;;
Xjetjeng (People);JETEÑ;an;ye{teng} si </i>[jɛ̝.tɛ̝ŋ´ si]<i>;;
Yamahat;JAMESU;inan;ya{me}su{sa} </i>[jä.mɛ̝´.su.sä´]<i>;;
Yamahati (Language;JAMESU;inan;ya{me}su {di}ye </i>[jä.mɛ̝´.su di´.jɛ̝]<i>;;
Yamahati (People);JAMESU ;an;ya{me}su si </i>[jä.mɛ̝´.su si]<i>;;
Yeah;JA;;ya </i>[jä]<i>;;real
Year;;inan;se{de} </i>[sɛ̝.dɛ̝´]<i>;;
Yell; ;verb;e{ye}je </i>[ɛ̝.jɛ̝´.dʑɛ̝ ]<i>;;
Yellow;;adj;she{zze} </i>[ɕɛ̝.z:ɛ̝´]<i>;;
Yellow;;adj;she{zze} </i>[ɕɛ̝.z:ɛ̝´]<i>;;
Yesterday;;inan;;;
Young;;adj;je{se} </i>[dʑɛ̝.sɛ̝´]<i>;;
Young child;;an;pe{le} </i>[pɛ̝.lɛ̝´]<i>;;
Youth;;an;;;s
Yuri, Girl Love;;inan;;;
Zombie;;inan;bi{ye}si </i>[bi.jɛ̝´.si]<i>;;s
Zombie, reanimated person (not necessarily flesh eating);;inan;deso{yan}nu{e}ze </i>[dɛ̝.so̞.jän´.nu.ɛ̝´.zɛ̝ ]<i>;Incredibly formal, usually only used in Treveist text;s
Zora;;an;;;hy